,index,Date,MIN,MAX,Month
0,57877,1940-01-01,63.0,74.0,January
1,57878,1940-01-02,61.0,74.0,January
2,57879,1940-01-03,60.0,75.0,January
3,57880,1940-01-04,65.0,75.0,January
4,57881,1940-01-05,59.0,72.0,January
5,57882,1940-01-06,58.0,78.0,January
6,57883,1940-01-07,62.0,76.0,January
7,57884,1940-01-08,60.0,72.0,January
8,57885,1940-01-09,60.0,74.0,January
9,57886,1940-01-10,58.0,74.0,January
10,57887,1940-01-11,60.0,75.0,January
11,57888,1940-01-12,60.0,79.0,January
12,57889,1940-01-13,60.0,76.0,January
13,57890,1940-01-14,62.0,73.0,January
14,57891,1940-01-15,57.0,74.0,January
15,57892,1940-01-16,55.0,76.0,January
16,57893,1940-01-17,55.0,77.0,January
17,57894,1940-01-18,60.0,78.0,January
18,57895,1940-01-19,66.0,76.0,January
19,57896,1940-01-20,60.0,73.0,January
20,57897,1940-01-21,56.0,76.0,January
21,57898,1940-01-22,58.0,75.0,January
22,57899,1940-01-23,67.0,77.0,January
23,57900,1940-01-24,59.0,75.0,January
24,57901,1940-01-25,55.0,75.0,January
25,57902,1940-01-26,66.0,73.0,January
26,57903,1940-01-27,60.0,75.0,January
27,57904,1940-01-28,60.0,74.0,January
28,57905,1940-01-29,55.0,78.0,January
29,57906,1940-01-30,56.0,75.0,January
30,57907,1940-01-31,57.0,76.0,January
31,57908,1940-02-01,62.0,77.0,February
32,57909,1940-02-02,61.0,78.0,February
33,57910,1940-02-03,63.0,77.0,February
34,57911,1940-02-04,64.0,77.0,February
35,57912,1940-02-05,64.0,77.0,February
36,57913,1940-02-06,64.0,76.0,February
37,57914,1940-02-07,63.0,78.0,February
38,57915,1940-02-08,62.0,79.0,February
39,57916,1940-02-09,62.0,78.0,February
40,57917,1940-02-10,64.0,73.0,February
41,57918,1940-02-11,63.0,76.0,February
42,57919,1940-02-12,66.0,77.0,February
43,57920,1940-02-13,65.0,77.0,February
44,57921,1940-02-14,60.0,82.0,February
45,57922,1940-02-15,59.0,79.0,February
46,57923,1940-02-16,65.0,76.0,February
47,57924,1940-02-17,61.0,81.0,February
48,57925,1940-02-18,61.0,78.0,February
49,57926,1940-02-19,61.0,76.0,February
50,57927,1940-02-20,62.0,78.0,February
51,57928,1940-02-21,61.0,75.0,February
52,57929,1940-02-22,57.0,71.0,February
53,57930,1940-02-23,56.0,73.0,February
54,57931,1940-02-24,53.0,75.0,February
55,57932,1940-02-25,63.0,74.0,February
56,57933,1940-02-26,62.0,71.0,February
57,57934,1940-02-27,56.0,76.0,February
58,57935,1940-02-28,56.0,76.0,February
59,57936,1940-02-29,61.0,77.0,February
60,57937,1940-03-01,61.0,80.0,March
61,57938,1940-03-02,63.0,82.0,March
62,57939,1940-03-03,64.0,80.0,March
63,57940,1940-03-04,61.0,81.0,March
64,57941,1940-03-05,60.0,82.0,March
65,57942,1940-03-06,60.0,78.0,March
66,57943,1940-03-07,62.0,84.0,March
67,57944,1940-03-08,60.0,82.0,March
68,57945,1940-03-09,62.0,74.0,March
69,57946,1940-03-10,58.0,73.0,March
70,57947,1940-03-11,56.0,75.0,March
71,57948,1940-03-12,59.0,76.0,March
72,57949,1940-03-13,57.0,76.0,March
73,57950,1940-03-14,60.0,71.0,March
74,57951,1940-03-15,63.0,77.0,March
75,57952,1940-03-16,64.0,79.0,March
76,57953,1940-03-17,58.0,76.0,March
77,57954,1940-03-18,58.0,74.0,March
78,57955,1940-03-19,60.0,73.0,March
79,57956,1940-03-20,55.0,75.0,March
80,57957,1940-03-21,59.0,74.0,March
81,57958,1940-03-22,59.0,70.0,March
82,57959,1940-03-23,56.0,78.0,March
83,57960,1940-03-24,59.0,83.0,March
84,57961,1940-03-25,65.0,84.0,March
85,57962,1940-03-26,61.0,86.0,March
86,57963,1940-03-27,60.0,83.0,March
87,57964,1940-03-28,61.0,82.0,March
88,57965,1940-03-29,64.0,75.0,March
89,57966,1940-03-30,62.0,78.0,March
90,57967,1940-03-31,64.0,85.0,March
91,57968,1940-04-01,64.0,81.0,April
92,57969,1940-04-02,66.0,82.0,April
93,57970,1940-04-03,62.0,82.0,April
94,57971,1940-04-04,61.0,85.0,April
95,57972,1940-04-05,62.0,79.0,April
96,57973,1940-04-06,62.0,84.0,April
97,57974,1940-04-07,62.0,82.0,April
98,57975,1940-04-08,63.0,83.0,April
99,57976,1940-04-09,65.0,80.0,April
100,57977,1940-04-10,66.0,76.0,April
101,57978,1940-04-11,62.0,77.0,April
102,57979,1940-04-12,62.0,78.0,April
103,57980,1940-04-13,69.0,81.0,April
104,57981,1940-04-14,68.0,80.0,April
105,57982,1940-04-15,65.0,83.0,April
106,57983,1940-04-16,64.0,80.0,April
107,57984,1940-04-17,65.0,74.0,April
108,57985,1940-04-18,66.0,78.0,April
109,57986,1940-04-19,66.0,77.0,April
110,57987,1940-04-20,66.0,78.0,April
111,57988,1940-04-21,64.0,76.0,April
112,57989,1940-04-22,65.0,79.0,April
113,57990,1940-04-23,65.0,78.0,April
114,57991,1940-04-24,66.0,77.0,April
115,57992,1940-04-25,67.0,78.0,April
116,57993,1940-04-26,66.0,77.0,April
117,57994,1940-04-27,66.0,81.0,April
118,57995,1940-04-28,68.0,81.0,April
119,57996,1940-04-29,65.0,79.0,April
120,57997,1940-04-30,66.0,81.0,April
121,57998,1940-05-01,66.0,76.0,May
122,57999,1940-05-02,66.0,72.0,May
123,58000,1940-05-03,67.0,76.0,May
124,58001,1940-05-04,66.0,78.0,May
125,58002,1940-05-05,66.0,76.0,May
126,58003,1940-05-06,65.0,77.0,May
127,58004,1940-05-07,65.0,84.0,May
128,58005,1940-05-08,65.0,86.0,May
129,58006,1940-05-09,68.0,86.0,May
130,58007,1940-05-10,68.0,79.0,May
131,58008,1940-05-11,68.0,78.0,May
132,58009,1940-05-12,67.0,81.0,May
133,58010,1940-05-13,67.0,80.0,May
134,58011,1940-05-14,66.0,83.0,May
135,58012,1940-05-15,67.0,87.0,May
136,58013,1940-05-16,65.0,85.0,May
137,58014,1940-05-17,67.0,82.0,May
138,58015,1940-05-18,66.0,80.0,May
139,58016,1940-05-19,67.0,80.0,May
140,58017,1940-05-20,67.0,79.0,May
141,58018,1940-05-21,66.0,79.0,May
142,58019,1940-05-22,68.0,79.0,May
143,58020,1940-05-23,67.0,78.0,May
144,58021,1940-05-24,66.0,76.0,May
145,58022,1940-05-25,66.0,81.0,May
146,58023,1940-05-26,65.0,82.0,May
147,58024,1940-05-27,65.0,82.0,May
148,58025,1940-05-28,66.0,80.0,May
149,58026,1940-05-29,66.0,77.0,May
150,58027,1940-05-30,65.0,79.0,May
151,58028,1940-05-31,68.0,78.0,May
152,58029,1940-06-01,67.0,79.0,June
153,58030,1940-06-02,68.0,80.0,June
154,58031,1940-06-03,68.0,79.0,June
155,58032,1940-06-04,69.0,84.0,June
156,58033,1940-06-05,68.0,83.0,June
157,58034,1940-06-06,69.0,82.0,June
158,58035,1940-06-07,68.0,82.0,June
159,58036,1940-06-08,67.0,85.0,June
160,58037,1940-06-09,67.0,81.0,June
161,58038,1940-06-10,67.0,85.0,June
162,58039,1940-06-11,66.0,84.0,June
163,58040,1940-06-12,66.0,82.0,June
164,58041,1940-06-13,67.0,82.0,June
165,58042,1940-06-14,69.0,81.0,June
166,58043,1940-06-15,69.0,82.0,June
167,58044,1940-06-16,70.0,81.0,June
168,58045,1940-06-17,68.0,83.0,June
169,58046,1940-06-18,68.0,81.0,June
170,58047,1940-06-19,69.0,81.0,June
171,58048,1940-06-20,70.0,81.0,June
172,58049,1940-06-21,70.0,81.0,June
173,58050,1940-06-22,67.0,80.0,June
174,58051,1940-06-23,66.0,81.0,June
175,58052,1940-06-24,67.0,82.0,June
176,58053,1940-06-25,70.0,82.0,June
177,58054,1940-06-26,70.0,80.0,June
178,58055,1940-06-27,68.0,80.0,June
179,58056,1940-06-28,69.0,81.0,June
180,58057,1940-06-29,69.0,82.0,June
181,58058,1940-06-30,69.0,82.0,June
182,58059,1940-07-01,70.0,82.0,July
183,58060,1940-07-02,68.0,81.0,July
184,58061,1940-07-03,68.0,82.0,July
185,58062,1940-07-04,66.0,85.0,July
186,58063,1940-07-05,69.0,83.0,July
187,58064,1940-07-06,70.0,80.0,July
188,58065,1940-07-07,70.0,81.0,July
189,58066,1940-07-08,70.0,80.0,July
190,58067,1940-07-09,69.0,81.0,July
191,58068,1940-07-10,71.0,80.0,July
192,58069,1940-07-11,69.0,82.0,July
193,58070,1940-07-12,70.0,83.0,July
194,58071,1940-07-13,71.0,83.0,July
195,58072,1940-07-14,72.0,82.0,July
196,58073,1940-07-15,71.0,82.0,July
197,58074,1940-07-16,73.0,82.0,July
198,58075,1940-07-17,71.0,83.0,July
199,58076,1940-07-18,69.0,83.0,July
200,58077,1940-07-19,70.0,84.0,July
201,58078,1940-07-20,71.0,82.0,July
202,58079,1940-07-21,69.0,80.0,July
203,58080,1940-07-22,67.0,81.0,July
204,58081,1940-07-23,67.0,84.0,July
205,58082,1940-07-24,66.0,85.0,July
206,58083,1940-07-25,67.0,84.0,July
207,58084,1940-07-26,68.0,85.0,July
208,58085,1940-07-27,69.0,85.0,July
209,58086,1940-07-28,68.0,82.0,July
210,58087,1940-07-29,71.0,83.0,July
211,58088,1940-07-30,72.0,83.0,July
212,58089,1940-07-31,72.0,80.0,July
213,58090,1940-08-01,71.0,82.0,August
214,58091,1940-08-02,70.0,78.0,August
215,58092,1940-08-03,70.0,81.0,August
216,58093,1940-08-04,71.0,83.0,August
217,58094,1940-08-05,70.0,82.0,August
218,58095,1940-08-06,71.0,83.0,August
219,58096,1940-08-07,71.0,82.0,August
220,58097,1940-08-08,70.0,78.0,August
221,58098,1940-08-09,73.0,80.0,August
222,58099,1940-08-10,72.0,81.0,August
223,58100,1940-08-11,71.0,83.0,August
224,58101,1940-08-12,73.0,85.0,August
225,58102,1940-08-13,72.0,82.0,August
226,58103,1940-08-14,70.0,79.0,August
227,58104,1940-08-15,69.0,81.0,August
228,58105,1940-08-16,70.0,82.0,August
229,58106,1940-08-17,71.0,78.0,August
230,58107,1940-08-18,72.0,81.0,August
231,58108,1940-08-19,70.0,81.0,August
232,58109,1940-08-20,72.0,82.0,August
233,58110,1940-08-21,70.0,80.0,August
234,58111,1940-08-22,70.0,83.0,August
235,58112,1940-08-23,72.0,83.0,August
236,58113,1940-08-24,72.0,81.0,August
237,58114,1940-08-25,73.0,79.0,August
238,58115,1940-08-26,70.0,81.0,August
239,58116,1940-08-27,69.0,81.0,August
240,58117,1940-08-28,68.0,80.0,August
241,58118,1940-08-29,69.0,81.0,August
242,58119,1940-08-30,70.0,79.0,August
243,58120,1940-08-31,69.0,81.0,August
244,58121,1940-09-01,71.0,80.0,September
245,58122,1940-09-02,72.0,81.0,September
246,58123,1940-09-03,71.0,81.0,September
247,58124,1940-09-04,71.0,80.0,September
248,58125,1940-09-05,71.0,81.0,September
249,58126,1940-09-06,69.0,82.0,September
250,58127,1940-09-07,69.0,80.0,September
251,58128,1940-09-08,68.0,82.0,September
252,58129,1940-09-09,68.0,84.0,September
253,58130,1940-09-10,68.0,83.0,September
254,58131,1940-09-11,67.0,82.0,September
255,58132,1940-09-12,68.0,82.0,September
256,58133,1940-09-13,67.0,81.0,September
257,58134,1940-09-14,67.0,82.0,September
258,58135,1940-09-15,67.0,82.0,September
259,58136,1940-09-16,69.0,82.0,September
260,58137,1940-09-17,70.0,85.0,September
261,58138,1940-09-18,68.0,83.0,September
262,58139,1940-09-19,71.0,84.0,September
263,58140,1940-09-20,67.0,84.0,September
264,58141,1940-09-21,68.0,84.0,September
265,58142,1940-09-22,65.0,84.0,September
266,58143,1940-09-23,65.0,85.0,September
267,58144,1940-09-24,70.0,81.0,September
268,58145,1940-09-25,69.0,77.0,September
269,58146,1940-09-26,71.0,83.0,September
270,58147,1940-09-27,70.0,83.0,September
271,58148,1940-09-28,70.0,81.0,September
272,58149,1940-09-29,67.0,81.0,September
273,58150,1940-09-30,67.0,82.0,September
274,58151,1940-10-01,68.0,79.0,October
275,58152,1940-10-02,68.0,83.0,October
276,58153,1940-10-03,68.0,85.0,October
277,58154,1940-10-04,73.0,80.0,October
278,58155,1940-10-05,69.0,81.0,October
279,58156,1940-10-06,69.0,80.0,October
280,58157,1940-10-07,69.0,79.0,October
281,58158,1940-10-08,67.0,82.0,October
282,58159,1940-10-09,66.0,86.0,October
283,58160,1940-10-10,65.0,86.0,October
284,58161,1940-10-11,66.0,83.0,October
285,58162,1940-10-12,68.0,82.0,October
286,58163,1940-10-13,68.0,81.0,October
287,58164,1940-10-14,68.0,82.0,October
288,58165,1940-10-15,67.0,86.0,October
289,58166,1940-10-16,66.0,85.0,October
290,58167,1940-10-17,65.0,85.0,October
291,58168,1940-10-18,68.0,80.0,October
292,58169,1940-10-19,66.0,77.0,October
293,58170,1940-10-20,69.0,82.0,October
294,58171,1940-10-21,67.0,89.0,October
295,58172,1940-10-22,69.0,85.0,October
296,58173,1940-10-23,72.0,83.0,October
297,58174,1940-10-24,69.0,80.0,October
298,58175,1940-10-25,70.0,83.0,October
299,58176,1940-10-26,68.0,82.0,October
300,58177,1940-10-27,69.0,79.0,October
301,58178,1940-10-28,70.0,77.0,October
302,58179,1940-10-29,69.0,79.0,October
303,58180,1940-10-30,69.0,80.0,October
304,58181,1940-10-31,68.0,80.0,October
305,58182,1940-11-01,70.0,80.0,November
306,58183,1940-11-02,68.0,75.0,November
307,58184,1940-11-03,68.0,79.0,November
308,58185,1940-11-04,68.0,78.0,November
309,58186,1940-11-05,68.0,78.0,November
310,58187,1940-11-06,66.0,82.0,November
311,58188,1940-11-07,65.0,84.0,November
312,58189,1940-11-08,65.0,84.0,November
313,58190,1940-11-09,68.0,83.0,November
314,58191,1940-11-10,67.0,81.0,November
315,58192,1940-11-11,65.0,78.0,November
316,58193,1940-11-12,63.0,76.0,November
317,58194,1940-11-13,63.0,76.0,November
318,58195,1940-11-14,64.0,79.0,November
319,58196,1940-11-15,69.0,78.0,November
320,58197,1940-11-16,68.0,77.0,November
321,58198,1940-11-17,68.0,83.0,November
322,58199,1940-11-18,67.0,77.0,November
323,58200,1940-11-19,67.0,78.0,November
324,58201,1940-11-20,66.0,74.0,November
325,58202,1940-11-21,62.0,79.0,November
326,58203,1940-11-22,63.0,82.0,November
327,58204,1940-11-23,62.0,81.0,November
328,58205,1940-11-24,64.0,83.0,November
329,58206,1940-11-25,66.0,87.0,November
330,58207,1940-11-26,66.0,78.0,November
331,58208,1940-11-27,67.0,75.0,November
332,58209,1940-11-28,68.0,77.0,November
333,58210,1940-11-29,65.0,80.0,November
334,58211,1940-11-30,65.0,78.0,November
335,58212,1940-12-01,68.0,77.0,December
336,58213,1940-12-02,67.0,76.0,December
337,58214,1940-12-03,66.0,77.0,December
338,58215,1940-12-04,67.0,78.0,December
339,58216,1940-12-05,67.0,77.0,December
340,58217,1940-12-06,64.0,76.0,December
341,58218,1940-12-07,65.0,73.0,December
342,58219,1940-12-08,63.0,77.0,December
343,58220,1940-12-09,63.0,80.0,December
344,58221,1940-12-10,65.0,79.0,December
345,58222,1940-12-11,63.0,78.0,December
346,58223,1940-12-12,63.0,78.0,December
347,58224,1940-12-13,64.0,74.0,December
348,58225,1940-12-14,60.0,75.0,December
349,58226,1940-12-15,64.0,76.0,December
350,58227,1940-12-16,62.0,80.0,December
351,58228,1940-12-17,60.0,77.0,December
352,58229,1940-12-18,67.0,77.0,December
353,58230,1940-12-19,64.0,78.0,December
354,58231,1940-12-20,63.0,78.0,December
355,58232,1940-12-21,61.0,80.0,December
356,58233,1940-12-22,64.0,81.0,December
357,58234,1940-12-23,64.0,76.0,December
358,58235,1940-12-24,61.0,72.0,December
359,58236,1940-12-25,59.0,69.0,December
360,58237,1940-12-26,59.0,67.0,December
361,58238,1940-12-27,60.0,68.0,December
362,58239,1940-12-28,60.0,71.0,December
363,58240,1940-12-29,62.0,76.0,December
364,58241,1940-12-30,63.0,75.0,December
365,58242,1940-12-31,63.0,77.0,December
366,58243,1941-01-01,64.0,71.0,January
367,58244,1941-01-02,63.0,76.0,January
368,58245,1941-01-03,65.0,80.0,January
369,58246,1941-01-04,62.0,76.0,January
370,58247,1941-01-05,66.0,77.0,January
371,58248,1941-01-06,66.0,76.0,January
372,58249,1941-01-07,60.0,75.0,January
373,58250,1941-01-08,62.0,77.0,January
374,58251,1941-01-09,62.0,78.0,January
375,58252,1941-01-10,60.0,71.0,January
376,58253,1941-01-11,58.0,71.0,January
377,58254,1941-01-12,60.0,71.0,January
378,58255,1941-01-13,57.0,71.0,January
379,58256,1941-01-14,57.0,78.0,January
380,58257,1941-01-15,57.0,77.0,January
381,58258,1941-01-16,55.0,76.0,January
382,58259,1941-01-17,64.0,75.0,January
383,58260,1941-01-18,61.0,79.0,January
384,58261,1941-01-19,57.0,80.0,January
385,58262,1941-01-20,57.0,80.0,January
386,58263,1941-01-21,63.0,78.0,January
387,58264,1941-01-22,62.0,80.0,January
388,58265,1941-01-23,63.0,78.0,January
389,58266,1941-01-24,63.0,79.0,January
390,58267,1941-01-25,62.0,79.0,January
391,58268,1941-01-26,66.0,72.0,January
392,58269,1941-01-27,66.0,74.0,January
393,58270,1941-01-28,65.0,80.0,January
394,58271,1941-01-29,62.0,79.0,January
395,58272,1941-01-30,65.0,74.0,January
396,58273,1941-01-31,60.0,76.0,January
397,58274,1941-02-01,56.0,80.0,February
398,58275,1941-02-02,55.0,80.0,February
399,58276,1941-02-03,62.0,79.0,February
400,58277,1941-02-04,62.0,72.0,February
401,58278,1941-02-05,55.0,74.0,February
402,58279,1941-02-06,57.0,74.0,February
403,58280,1941-02-07,58.0,66.0,February
404,58281,1941-02-08,56.0,67.0,February
405,58282,1941-02-09,55.0,69.0,February
406,58283,1941-02-10,59.0,71.0,February
407,58284,1941-02-11,60.0,72.0,February
408,58285,1941-02-12,61.0,72.0,February
409,58286,1941-02-13,60.0,72.0,February
410,58287,1941-02-14,59.0,73.0,February
411,58288,1941-02-15,58.0,80.0,February
412,58289,1941-02-16,61.0,78.0,February
413,58290,1941-02-17,60.0,79.0,February
414,58291,1941-02-18,59.0,78.0,February
415,58292,1941-02-19,60.0,79.0,February
416,58293,1941-02-20,59.0,79.0,February
417,58294,1941-02-21,62.0,78.0,February
418,58295,1941-02-22,65.0,77.0,February
419,58296,1941-02-23,64.0,78.0,February
420,58297,1941-02-24,62.0,75.0,February
421,58298,1941-02-25,60.0,72.0,February
422,58299,1941-02-26,60.0,72.0,February
423,58300,1941-02-27,57.0,71.0,February
424,58301,1941-02-28,61.0,73.0,February
425,58302,1941-03-01,61.0,75.0,March
426,58303,1941-03-02,66.0,74.0,March
427,58304,1941-03-03,63.0,70.0,March
428,58305,1941-03-04,63.0,74.0,March
429,58306,1941-03-05,58.0,75.0,March
430,58307,1941-03-06,60.0,70.0,March
431,58308,1941-03-07,61.0,70.0,March
432,58309,1941-03-08,60.0,71.0,March
433,58310,1941-03-09,62.0,71.0,March
434,58311,1941-03-10,64.0,74.0,March
435,58312,1941-03-11,63.0,72.0,March
436,58313,1941-03-12,60.0,77.0,March
437,58314,1941-03-13,60.0,80.0,March
438,58315,1941-03-14,62.0,70.0,March
439,58316,1941-03-15,61.0,70.0,March
440,58317,1941-03-16,62.0,72.0,March
441,58318,1941-03-17,63.0,73.0,March
442,58319,1941-03-18,63.0,73.0,March
443,58320,1941-03-19,63.0,75.0,March
444,58321,1941-03-20,63.0,77.0,March
445,58322,1941-03-21,63.0,80.0,March
446,58323,1941-03-22,64.0,82.0,March
447,58324,1941-03-23,60.0,78.0,March
448,58325,1941-03-24,63.0,77.0,March
449,58326,1941-03-25,65.0,76.0,March
450,58327,1941-03-26,64.0,74.0,March
451,58328,1941-03-27,62.0,73.0,March
452,58329,1941-03-28,62.0,71.0,March
453,58330,1941-03-29,63.0,72.0,March
454,58331,1941-03-30,61.0,71.0,March
455,58332,1941-03-31,61.0,71.0,March
456,58333,1941-04-01,62.0,73.0,April
457,58334,1941-04-02,58.0,74.0,April
458,58335,1941-04-03,63.0,75.0,April
459,58336,1941-04-04,63.0,74.0,April
460,58337,1941-04-05,63.0,76.0,April
461,58338,1941-04-06,66.0,75.0,April
462,58339,1941-04-07,64.0,74.0,April
463,58340,1941-04-08,66.0,72.0,April
464,58341,1941-04-09,66.0,75.0,April
465,58342,1941-04-10,63.0,74.0,April
466,58343,1941-04-11,61.0,80.0,April
467,58344,1941-04-12,63.0,78.0,April
468,58345,1941-04-13,64.0,76.0,April
469,58346,1941-04-14,63.0,78.0,April
470,58347,1941-04-15,61.0,82.0,April
471,58348,1941-04-16,60.0,82.0,April
472,58349,1941-04-17,61.0,81.0,April
473,58350,1941-04-18,63.0,80.0,April
474,58351,1941-04-19,63.0,81.0,April
475,58352,1941-04-20,64.0,80.0,April
476,58353,1941-04-21,62.0,81.0,April
477,58354,1941-04-22,62.0,82.0,April
478,58355,1941-04-23,62.0,81.0,April
479,58356,1941-04-24,64.0,82.0,April
480,58357,1941-04-25,62.0,81.0,April
481,58358,1941-04-26,64.0,81.0,April
482,58359,1941-04-27,65.0,79.0,April
483,58360,1941-04-28,66.0,79.0,April
484,58361,1941-04-29,68.0,75.0,April
485,58362,1941-04-30,67.0,79.0,April
486,58363,1941-05-01,65.0,79.0,May
487,58364,1941-05-02,66.0,80.0,May
488,58365,1941-05-03,65.0,82.0,May
489,58366,1941-05-04,66.0,78.0,May
490,58367,1941-05-05,65.0,82.0,May
491,58368,1941-05-06,65.0,81.0,May
492,58369,1941-05-07,64.0,80.0,May
493,58370,1941-05-08,66.0,72.0,May
494,58371,1941-05-09,65.0,75.0,May
495,58372,1941-05-10,64.0,72.0,May
496,58373,1941-05-11,65.0,77.0,May
497,58374,1941-05-12,66.0,77.0,May
498,58375,1941-05-13,64.0,72.0,May
499,58376,1941-05-14,63.0,76.0,May
500,58377,1941-05-15,63.0,78.0,May
501,58378,1941-05-16,66.0,77.0,May
502,58379,1941-05-17,66.0,77.0,May
503,58380,1941-05-18,66.0,77.0,May
504,58381,1941-05-19,65.0,80.0,May
505,58382,1941-05-20,62.0,79.0,May
506,58383,1941-05-21,65.0,79.0,May
507,58384,1941-05-22,62.0,81.0,May
508,58385,1941-05-23,60.0,84.0,May
509,58386,1941-05-24,64.0,78.0,May
510,58387,1941-05-25,66.0,77.0,May
511,58388,1941-05-26,63.0,77.0,May
512,58389,1941-05-27,63.0,75.0,May
513,58390,1941-05-28,64.0,77.0,May
514,58391,1941-05-29,63.0,76.0,May
515,58392,1941-05-30,61.0,78.0,May
516,58393,1941-05-31,61.0,80.0,May
517,58394,1941-06-01,62.0,78.0,June
518,58395,1941-06-02,63.0,85.0,June
519,58396,1941-06-03,64.0,84.0,June
520,58397,1941-06-04,64.0,84.0,June
521,58398,1941-06-05,70.0,82.0,June
522,58399,1941-06-06,69.0,82.0,June
523,58400,1941-06-07,68.0,83.0,June
524,58401,1941-06-08,68.0,84.0,June
525,58402,1941-06-09,66.0,84.0,June
526,58403,1941-06-10,64.0,85.0,June
527,58404,1941-06-11,66.0,81.0,June
528,58405,1941-06-12,68.0,79.0,June
529,58406,1941-06-13,67.0,79.0,June
530,58407,1941-06-14,68.0,79.0,June
531,58408,1941-06-15,66.0,82.0,June
532,58409,1941-06-16,68.0,81.0,June
533,58410,1941-06-17,67.0,82.0,June
534,58411,1941-06-18,68.0,79.0,June
535,58412,1941-06-19,70.0,79.0,June
536,58413,1941-06-20,69.0,80.0,June
537,58414,1941-06-21,70.0,78.0,June
538,58415,1941-06-22,67.0,78.0,June
539,58416,1941-06-23,68.0,78.0,June
540,58417,1941-06-24,69.0,80.0,June
541,58418,1941-06-25,68.0,79.0,June
542,58419,1941-06-26,67.0,76.0,June
543,58420,1941-06-27,68.0,79.0,June
544,58421,1941-06-28,68.0,81.0,June
545,58422,1941-06-29,69.0,81.0,June
546,58423,1941-06-30,70.0,80.0,June
547,58424,1941-07-01,70.0,79.0,July
548,58425,1941-07-02,67.0,80.0,July
549,58426,1941-07-03,68.0,80.0,July
550,58427,1941-07-04,69.0,81.0,July
551,58428,1941-07-05,69.0,78.0,July
552,58429,1941-07-06,68.0,80.0,July
553,58430,1941-07-07,66.0,81.0,July
554,58431,1941-07-08,68.0,80.0,July
555,58432,1941-07-09,69.0,81.0,July
556,58433,1941-07-10,71.0,81.0,July
557,58434,1941-07-11,71.0,83.0,July
558,58435,1941-07-12,68.0,82.0,July
559,58436,1941-07-13,66.0,83.0,July
560,58437,1941-07-14,66.0,81.0,July
561,58438,1941-07-15,67.0,81.0,July
562,58439,1941-07-16,67.0,79.0,July
563,58440,1941-07-17,67.0,82.0,July
564,58441,1941-07-18,69.0,82.0,July
565,58442,1941-07-19,68.0,81.0,July
566,58443,1941-07-20,72.0,81.0,July
567,58444,1941-07-21,72.0,80.0,July
568,58445,1941-07-22,68.0,80.0,July
569,58446,1941-07-23,67.0,82.0,July
570,58447,1941-07-24,68.0,82.0,July
571,58448,1941-07-25,68.0,85.0,July
572,58449,1941-07-26,66.0,87.0,July
573,58450,1941-07-27,68.0,85.0,July
574,58451,1941-07-28,68.0,83.0,July
575,58452,1941-07-29,70.0,83.0,July
576,58453,1941-07-30,69.0,83.0,July
577,58454,1941-07-31,69.0,83.0,July
578,58455,1941-08-01,67.0,86.0,August
579,58456,1941-08-02,72.0,83.0,August
580,58457,1941-08-03,68.0,78.0,August
581,58458,1941-08-04,68.0,81.0,August
582,58459,1941-08-05,69.0,82.0,August
583,58460,1941-08-06,70.0,82.0,August
584,58461,1941-08-07,71.0,83.0,August
585,58462,1941-08-08,73.0,82.0,August
586,58463,1941-08-09,73.0,83.0,August
587,58464,1941-08-10,71.0,83.0,August
588,58465,1941-08-11,68.0,81.0,August
589,58466,1941-08-12,66.0,81.0,August
590,58467,1941-08-13,65.0,81.0,August
591,58468,1941-08-14,64.0,84.0,August
592,58469,1941-08-15,70.0,88.0,August
593,58470,1941-08-16,73.0,84.0,August
594,58471,1941-08-17,70.0,84.0,August
595,58472,1941-08-18,71.0,83.0,August
596,58473,1941-08-19,69.0,80.0,August
597,58474,1941-08-20,69.0,80.0,August
598,58475,1941-08-21,69.0,80.0,August
599,58476,1941-08-22,69.0,81.0,August
600,58477,1941-08-23,70.0,82.0,August
601,58478,1941-08-24,70.0,85.0,August
602,58479,1941-08-25,69.0,88.0,August
603,58480,1941-08-26,69.0,86.0,August
604,58481,1941-08-27,70.0,84.0,August
605,58482,1941-08-28,73.0,81.0,August
606,58483,1941-08-29,69.0,81.0,August
607,58484,1941-08-30,68.0,78.0,August
608,58485,1941-08-31,69.0,79.0,August
609,58486,1941-09-01,70.0,76.0,September
610,58487,1941-09-02,72.0,81.0,September
611,58488,1941-09-03,72.0,82.0,September
612,58489,1941-09-04,71.0,79.0,September
613,58490,1941-09-05,69.0,81.0,September
614,58491,1941-09-06,71.0,80.0,September
615,58492,1941-09-07,73.0,81.0,September
616,58493,1941-09-08,71.0,82.0,September
617,58494,1941-09-09,69.0,83.0,September
618,58495,1941-09-10,68.0,81.0,September
619,58496,1941-09-11,69.0,83.0,September
620,58497,1941-09-12,66.0,85.0,September
621,58498,1941-09-13,65.0,84.0,September
622,58499,1941-09-14,68.0,87.0,September
623,58500,1941-09-15,68.0,87.0,September
624,58501,1941-09-16,69.0,86.0,September
625,58502,1941-09-17,67.0,81.0,September
626,58503,1941-09-18,69.0,79.0,September
627,58504,1941-09-19,70.0,79.0,September
628,58505,1941-09-20,70.0,81.0,September
629,58506,1941-09-21,70.0,84.0,September
630,58507,1941-09-22,69.0,85.0,September
631,58508,1941-09-23,67.0,86.0,September
632,58509,1941-09-24,72.0,84.0,September
633,58510,1941-09-25,71.0,84.0,September
634,58511,1941-09-26,72.0,83.0,September
635,58512,1941-09-27,73.0,78.0,September
636,58513,1941-09-28,71.0,82.0,September
637,58514,1941-09-29,71.0,81.0,September
638,58515,1941-09-30,70.0,79.0,September
639,58516,1941-10-01,70.0,81.0,October
640,58517,1941-10-02,71.0,82.0,October
641,58518,1941-10-03,70.0,81.0,October
642,58519,1941-10-04,69.0,80.0,October
643,58520,1941-10-05,67.0,81.0,October
644,58521,1941-10-06,67.0,81.0,October
645,58522,1941-10-07,68.0,76.0,October
646,58523,1941-10-08,70.0,79.0,October
647,58524,1941-10-09,69.0,79.0,October
648,58525,1941-10-10,71.0,79.0,October
649,58526,1941-10-11,70.0,78.0,October
650,58527,1941-10-12,68.0,75.0,October
651,58528,1941-10-13,67.0,77.0,October
652,58529,1941-10-14,68.0,75.0,October
653,58530,1941-10-15,68.0,76.0,October
654,58531,1941-10-16,68.0,77.0,October
655,58532,1941-10-17,69.0,76.0,October
656,58533,1941-10-18,68.0,78.0,October
657,58534,1941-10-19,69.0,78.0,October
658,58535,1941-10-20,66.0,80.0,October
659,58536,1941-10-21,66.0,82.0,October
660,58537,1941-10-22,66.0,79.0,October
661,58538,1941-10-23,66.0,73.0,October
662,58539,1941-10-24,65.0,74.0,October
663,58540,1941-10-25,65.0,75.0,October
664,58541,1941-10-26,64.0,81.0,October
665,58542,1941-10-27,67.0,84.0,October
666,58543,1941-10-28,68.0,81.0,October
667,58544,1941-10-29,70.0,82.0,October
668,58545,1941-10-30,70.0,86.0,October
669,58546,1941-10-31,69.0,85.0,October
670,58547,1941-11-01,66.0,84.0,November
671,58548,1941-11-02,65.0,85.0,November
672,58549,1941-11-03,63.0,83.0,November
673,58550,1941-11-04,65.0,84.0,November
674,58551,1941-11-05,64.0,82.0,November
675,58552,1941-11-06,67.0,80.0,November
676,58553,1941-11-07,63.0,77.0,November
677,58554,1941-11-08,64.0,74.0,November
678,58555,1941-11-09,68.0,78.0,November
679,58556,1941-11-10,66.0,78.0,November
680,58557,1941-11-11,64.0,78.0,November
681,58558,1941-11-12,64.0,79.0,November
682,58559,1941-11-13,65.0,82.0,November
683,58560,1941-11-14,63.0,80.0,November
684,58561,1941-11-15,65.0,78.0,November
685,58562,1941-11-16,67.0,76.0,November
686,58563,1941-11-17,67.0,83.0,November
687,58564,1941-11-18,67.0,80.0,November
688,58565,1941-11-19,67.0,79.0,November
689,58566,1941-11-20,70.0,80.0,November
690,58567,1941-11-21,68.0,79.0,November
691,58568,1941-11-22,69.0,78.0,November
692,58569,1941-11-23,69.0,76.0,November
693,58570,1941-11-24,67.0,75.0,November
694,58571,1941-11-25,61.0,75.0,November
695,58572,1941-11-26,59.0,80.0,November
696,58573,1941-11-27,63.0,78.0,November
697,58574,1941-11-28,62.0,78.0,November
698,58575,1941-11-29,60.0,75.0,November
699,58576,1941-11-30,59.0,68.0,November
700,58577,1941-12-01,57.0,68.0,December
701,58578,1941-12-02,64.0,70.0,December
702,58579,1941-12-03,62.0,73.0,December
703,58580,1941-12-04,64.0,72.0,December
704,58581,1941-12-05,64.0,74.0,December
705,58582,1941-12-06,64.0,74.0,December
706,58583,1941-12-07,66.0,74.0,December
707,58584,1941-12-08,64.0,72.0,December
708,58585,1941-12-09,65.0,72.0,December
709,58586,1941-12-10,66.0,72.0,December
710,58587,1941-12-11,66.0,72.0,December
711,58588,1941-12-12,64.0,72.0,December
712,58589,1941-12-13,64.0,74.0,December
713,58590,1941-12-14,63.0,74.0,December
714,58591,1941-12-15,65.0,72.0,December
715,58592,1941-12-16,64.0,71.0,December
716,58593,1941-12-17,65.0,73.0,December
717,58594,1941-12-18,62.0,74.0,December
718,58595,1941-12-19,65.0,74.0,December
719,58596,1941-12-20,66.0,73.0,December
720,58597,1941-12-21,66.0,75.0,December
721,58598,1941-12-22,63.0,81.0,December
722,58599,1941-12-23,62.0,76.0,December
723,58600,1941-12-24,64.0,76.0,December
724,58601,1941-12-25,63.0,75.0,December
725,58602,1941-12-26,64.0,76.0,December
726,58603,1941-12-27,63.0,78.0,December
727,58604,1941-12-28,59.0,77.0,December
728,58605,1941-12-29,59.0,75.0,December
729,58606,1941-12-30,62.0,72.0,December
730,58607,1941-12-31,54.0,77.0,December
731,58608,1942-01-01,54.0,77.0,January
732,58609,1942-01-02,59.0,71.0,January
733,58610,1942-01-03,53.0,77.0,January
734,58611,1942-01-04,55.0,76.0,January
735,58612,1942-01-05,58.0,72.0,January
736,58613,1942-01-06,58.0,77.0,January
737,58614,1942-01-07,63.0,76.0,January
738,58615,1942-01-08,62.0,78.0,January
739,58616,1942-01-09,58.0,77.0,January
740,58617,1942-01-10,60.0,78.0,January
741,58618,1942-01-11,59.0,79.0,January
742,58619,1942-01-12,56.0,81.0,January
743,58620,1942-01-13,61.0,76.0,January
744,58621,1942-01-14,61.0,74.0,January
745,58622,1942-01-15,62.0,77.0,January
746,58623,1942-01-16,63.0,81.0,January
747,58624,1942-01-17,60.0,81.0,January
748,58625,1942-01-18,60.0,80.0,January
749,58626,1942-01-19,62.0,76.0,January
750,58627,1942-01-20,58.0,76.0,January
751,58628,1942-01-21,54.0,78.0,January
752,58629,1942-01-22,56.0,79.0,January
753,58630,1942-01-23,57.0,78.0,January
754,58631,1942-01-24,59.0,75.0,January
755,58632,1942-01-25,63.0,76.0,January
756,58633,1942-01-26,63.0,80.0,January
757,58634,1942-01-27,61.0,81.0,January
758,58635,1942-01-28,64.0,78.0,January
759,58636,1942-01-29,62.0,78.0,January
760,58637,1942-01-30,66.0,74.0,January
761,58638,1942-01-31,64.0,80.0,January
762,58639,1942-02-01,60.0,81.0,February
763,58640,1942-02-02,62.0,81.0,February
764,58641,1942-02-03,59.0,81.0,February
765,58642,1942-02-04,59.0,81.0,February
766,58643,1942-02-05,64.0,72.0,February
767,58644,1942-02-06,64.0,78.0,February
768,58645,1942-02-07,60.0,81.0,February
769,58646,1942-02-08,61.0,82.0,February
770,58647,1942-02-09,62.0,83.0,February
771,58648,1942-02-10,64.0,80.0,February
772,58649,1942-02-11,64.0,83.0,February
773,58650,1942-02-12,64.0,83.0,February
774,58651,1942-02-13,62.0,80.0,February
775,58652,1942-02-14,63.0,77.0,February
776,58653,1942-02-15,64.0,74.0,February
777,58654,1942-02-16,64.0,74.0,February
778,58655,1942-02-17,61.0,75.0,February
779,58656,1942-02-18,64.0,71.0,February
780,58657,1942-02-19,63.0,70.0,February
781,58658,1942-02-20,63.0,71.0,February
782,58659,1942-02-21,62.0,71.0,February
783,58660,1942-02-22,63.0,71.0,February
784,58661,1942-02-23,62.0,70.0,February
785,58662,1942-02-24,62.0,70.0,February
786,58663,1942-02-25,57.0,70.0,February
787,58664,1942-02-26,58.0,69.0,February
788,58665,1942-02-27,59.0,73.0,February
789,58666,1942-02-28,59.0,73.0,February
790,58667,1942-03-01,61.0,73.0,March
791,58668,1942-03-02,62.0,74.0,March
792,58669,1942-03-03,59.0,76.0,March
793,58670,1942-03-04,60.0,64.0,March
794,58671,1942-03-05,55.0,65.0,March
795,58672,1942-03-06,55.0,70.0,March
796,58673,1942-03-07,57.0,66.0,March
797,58674,1942-03-08,55.0,70.0,March
798,58675,1942-03-09,57.0,65.0,March
799,58676,1942-03-10,59.0,66.0,March
800,58677,1942-03-11,59.0,70.0,March
801,58678,1942-03-12,62.0,72.0,March
802,58679,1942-03-13,63.0,72.0,March
803,58680,1942-03-14,63.0,72.0,March
804,58681,1942-03-15,65.0,74.0,March
805,58682,1942-03-16,65.0,74.0,March
806,58683,1942-03-17,64.0,71.0,March
807,58684,1942-03-18,65.0,74.0,March
808,58685,1942-03-19,66.0,73.0,March
809,58686,1942-03-20,65.0,74.0,March
810,58687,1942-03-21,62.0,76.0,March
811,58688,1942-03-22,61.0,71.0,March
812,58689,1942-03-23,62.0,72.0,March
813,58690,1942-03-24,62.0,73.0,March
814,58691,1942-03-25,62.0,74.0,March
815,58692,1942-03-26,63.0,74.0,March
816,58693,1942-03-27,64.0,73.0,March
817,58694,1942-03-28,62.0,74.0,March
818,58695,1942-03-29,61.0,71.0,March
819,58696,1942-03-30,61.0,72.0,March
820,58697,1942-03-31,61.0,73.0,March
821,58698,1942-04-01,62.0,71.0,April
822,58699,1942-04-02,62.0,73.0,April
823,58700,1942-04-03,61.0,75.0,April
824,58701,1942-04-04,62.0,75.0,April
825,58702,1942-04-05,61.0,75.0,April
826,58703,1942-04-06,61.0,71.0,April
827,58704,1942-04-07,60.0,72.0,April
828,58705,1942-04-08,58.0,71.0,April
829,58706,1942-04-09,61.0,73.0,April
830,58707,1942-04-10,61.0,74.0,April
831,58708,1942-04-11,63.0,69.0,April
832,58709,1942-04-12,64.0,72.0,April
833,58710,1942-04-13,64.0,71.0,April
834,58711,1942-04-14,64.0,74.0,April
835,58712,1942-04-15,65.0,72.0,April
836,58713,1942-04-16,64.0,73.0,April
837,58714,1942-04-17,64.0,73.0,April
838,58715,1942-04-18,64.0,74.0,April
839,58716,1942-04-19,64.0,74.0,April
840,58717,1942-04-20,62.0,71.0,April
841,58718,1942-04-21,63.0,75.0,April
842,58719,1942-04-22,64.0,81.0,April
843,58720,1942-04-23,62.0,82.0,April
844,58721,1942-04-24,66.0,75.0,April
845,58722,1942-04-25,69.0,83.0,April
846,58723,1942-04-26,67.0,77.0,April
847,58724,1942-04-27,66.0,78.0,April
848,58725,1942-04-28,63.0,75.0,April
849,58726,1942-04-29,65.0,73.0,April
850,58727,1942-04-30,65.0,75.0,April
851,58728,1942-05-01,66.0,76.0,May
852,58729,1942-05-02,65.0,76.0,May
853,58730,1942-05-03,64.0,77.0,May
854,58731,1942-05-04,64.0,75.0,May
855,58732,1942-05-05,62.0,77.0,May
856,58733,1942-05-06,63.0,76.0,May
857,58734,1942-05-07,66.0,76.0,May
858,58735,1942-05-08,62.0,76.0,May
859,58736,1942-05-09,64.0,77.0,May
860,58737,1942-05-10,65.0,77.0,May
861,58738,1942-05-11,63.0,81.0,May
862,58739,1942-05-12,64.0,83.0,May
863,58740,1942-05-13,64.0,83.0,May
864,58741,1942-05-14,63.0,82.0,May
865,58742,1942-05-15,65.0,83.0,May
866,58743,1942-05-16,66.0,85.0,May
867,58744,1942-05-17,67.0,81.0,May
868,58745,1942-05-18,66.0,80.0,May
869,58746,1942-05-19,65.0,81.0,May
870,58747,1942-05-20,68.0,81.0,May
871,58748,1942-05-21,66.0,82.0,May
872,58749,1942-05-22,64.0,84.0,May
873,58750,1942-05-23,64.0,85.0,May
874,58751,1942-05-24,66.0,81.0,May
875,58752,1942-05-25,66.0,81.0,May
876,58753,1942-05-26,68.0,81.0,May
877,58754,1942-05-27,67.0,86.0,May
878,58755,1942-05-28,67.0,83.0,May
879,58756,1942-05-29,68.0,81.0,May
880,58757,1942-05-30,68.0,81.0,May
881,58758,1942-05-31,69.0,82.0,May
882,58759,1942-06-01,69.0,81.0,June
883,58760,1942-06-02,65.0,83.0,June
884,58761,1942-06-03,65.0,84.0,June
885,58762,1942-06-04,65.0,82.0,June
886,58763,1942-06-05,64.0,82.0,June
887,58764,1942-06-06,63.0,81.0,June
888,58765,1942-06-07,68.0,80.0,June
889,58766,1942-06-08,68.0,78.0,June
890,58767,1942-06-09,68.0,80.0,June
891,58768,1942-06-10,67.0,82.0,June
892,58769,1942-06-11,67.0,81.0,June
893,58770,1942-06-12,68.0,81.0,June
894,58771,1942-06-13,67.0,80.0,June
895,58772,1942-06-14,68.0,78.0,June
896,58773,1942-06-15,61.0,77.0,June
897,58774,1942-06-16,61.0,79.0,June
898,58775,1942-06-17,66.0,83.0,June
899,58776,1942-06-18,67.0,86.0,June
900,58777,1942-06-19,69.0,83.0,June
901,58778,1942-06-20,69.0,82.0,June
902,58779,1942-06-21,68.0,82.0,June
903,58780,1942-06-22,69.0,82.0,June
904,58781,1942-06-23,69.0,77.0,June
905,58782,1942-06-24,69.0,78.0,June
906,58783,1942-06-25,67.0,76.0,June
907,58784,1942-06-26,68.0,78.0,June
908,58785,1942-06-27,69.0,79.0,June
909,58786,1942-06-28,67.0,82.0,June
910,58787,1942-06-29,66.0,84.0,June
911,58788,1942-06-30,68.0,83.0,June
912,58789,1942-07-01,67.0,83.0,July
913,58790,1942-07-02,69.0,84.0,July
914,58791,1942-07-03,69.0,83.0,July
915,58792,1942-07-04,71.0,80.0,July
916,58793,1942-07-05,70.0,80.0,July
917,58794,1942-07-06,70.0,78.0,July
918,58795,1942-07-07,69.0,78.0,July
919,58796,1942-07-08,66.0,79.0,July
920,58797,1942-07-09,69.0,80.0,July
921,58798,1942-07-10,67.0,80.0,July
922,58799,1942-07-11,69.0,82.0,July
923,58800,1942-07-12,70.0,78.0,July
924,58801,1942-07-13,70.0,80.0,July
925,58802,1942-07-14,71.0,80.0,July
926,58803,1942-07-15,67.0,82.0,July
927,58804,1942-07-16,66.0,83.0,July
928,58805,1942-07-17,66.0,85.0,July
929,58806,1942-07-18,65.0,85.0,July
930,58807,1942-07-19,64.0,85.0,July
931,58808,1942-07-20,69.0,81.0,July
932,58809,1942-07-21,70.0,81.0,July
933,58810,1942-07-22,67.0,81.0,July
934,58811,1942-07-23,67.0,83.0,July
935,58812,1942-07-24,68.0,82.0,July
936,58813,1942-07-25,68.0,85.0,July
937,58814,1942-07-26,70.0,82.0,July
938,58815,1942-07-27,72.0,82.0,July
939,58816,1942-07-28,72.0,82.0,July
940,58817,1942-07-29,69.0,82.0,July
941,58818,1942-07-30,71.0,82.0,July
942,58819,1942-07-31,70.0,83.0,July
943,58820,1942-08-01,67.0,79.0,August
944,58821,1942-08-02,67.0,81.0,August
945,58822,1942-08-03,69.0,80.0,August
946,58823,1942-08-04,69.0,83.0,August
947,58824,1942-08-05,69.0,82.0,August
948,58825,1942-08-06,69.0,81.0,August
949,58826,1942-08-07,68.0,81.0,August
950,58827,1942-08-08,68.0,81.0,August
951,58828,1942-08-09,70.0,81.0,August
952,58829,1942-08-10,68.0,81.0,August
953,58830,1942-08-11,69.0,81.0,August
954,58831,1942-08-12,68.0,82.0,August
955,58832,1942-08-13,71.0,83.0,August
956,58833,1942-08-14,70.0,84.0,August
957,58834,1942-08-15,70.0,83.0,August
958,58835,1942-08-16,69.0,85.0,August
959,58836,1942-08-17,70.0,82.0,August
960,58837,1942-08-18,69.0,82.0,August
961,58838,1942-08-19,70.0,82.0,August
962,58839,1942-08-20,70.0,83.0,August
963,58840,1942-08-21,70.0,81.0,August
964,58841,1942-08-22,69.0,78.0,August
965,58842,1942-08-23,69.0,82.0,August
966,58843,1942-08-24,71.0,81.0,August
967,58844,1942-08-25,68.0,82.0,August
968,58845,1942-08-26,68.0,82.0,August
969,58846,1942-08-27,68.0,82.0,August
970,58847,1942-08-28,69.0,82.0,August
971,58848,1942-08-29,70.0,83.0,August
972,58849,1942-08-30,70.0,82.0,August
973,58850,1942-08-31,71.0,82.0,August
974,58851,1942-09-01,68.0,81.0,September
975,58852,1942-09-02,69.0,82.0,September
976,58853,1942-09-03,67.0,85.0,September
977,58854,1942-09-04,68.0,85.0,September
978,58855,1942-09-05,67.0,84.0,September
979,58856,1942-09-06,66.0,82.0,September
980,58857,1942-09-07,69.0,82.0,September
981,58858,1942-09-08,71.0,85.0,September
982,58859,1942-09-09,68.0,82.0,September
983,58860,1942-09-10,72.0,82.0,September
984,58861,1942-09-11,66.0,86.0,September
985,58862,1942-09-12,68.0,82.0,September
986,58863,1942-09-13,69.0,83.0,September
987,58864,1942-09-14,66.0,82.0,September
988,58865,1942-09-15,68.0,81.0,September
989,58866,1942-09-16,69.0,82.0,September
990,58867,1942-09-17,69.0,82.0,September
991,58868,1942-09-18,67.0,81.0,September
992,58869,1942-09-19,67.0,83.0,September
993,58870,1942-09-20,69.0,84.0,September
994,58871,1942-09-21,67.0,82.0,September
995,58872,1942-09-22,67.0,89.0,September
996,58873,1942-09-23,66.0,87.0,September
997,58874,1942-09-24,67.0,84.0,September
998,58875,1942-09-25,63.0,84.0,September
999,58876,1942-09-26,69.0,85.0,September
1000,58877,1942-09-27,70.0,78.0,September
1001,58878,1942-09-28,70.0,82.0,September
1002,58879,1942-09-29,71.0,83.0,September
1003,58880,1942-09-30,69.0,81.0,September
1004,58881,1942-10-01,71.0,81.0,October
1005,58882,1942-10-02,70.0,81.0,October
1006,58883,1942-10-03,70.0,79.0,October
1007,58884,1942-10-04,68.0,81.0,October
1008,58885,1942-10-05,68.0,80.0,October
1009,58886,1942-10-06,68.0,81.0,October
1010,58887,1942-10-07,66.0,81.0,October
1011,58888,1942-10-08,67.0,80.0,October
1012,58889,1942-10-09,69.0,82.0,October
1013,58890,1942-10-10,70.0,81.0,October
1014,58891,1942-10-11,69.0,81.0,October
1015,58892,1942-10-12,67.0,82.0,October
1016,58893,1942-10-13,65.0,79.0,October
1017,58894,1942-10-14,64.0,83.0,October
1018,58895,1942-10-15,68.0,84.0,October
1019,58896,1942-10-16,66.0,83.0,October
1020,58897,1942-10-17,62.0,83.0,October
1021,58898,1942-10-18,65.0,84.0,October
1022,58899,1942-10-19,64.0,85.0,October
1023,58900,1942-10-20,64.0,83.0,October
1024,58901,1942-10-21,64.0,74.0,October
1025,58902,1942-10-22,67.0,79.0,October
1026,58903,1942-10-23,66.0,79.0,October
1027,58904,1942-10-24,66.0,84.0,October
1028,58905,1942-10-25,67.0,84.0,October
1029,58906,1942-10-26,66.0,81.0,October
1030,58907,1942-10-27,68.0,82.0,October
1031,58908,1942-10-28,67.0,84.0,October
1032,58909,1942-10-29,66.0,75.0,October
1033,58910,1942-10-30,64.0,80.0,October
1034,58911,1942-10-31,63.0,81.0,October
1035,58912,1942-11-01,69.0,83.0,November
1036,58913,1942-11-02,68.0,74.0,November
1037,58914,1942-11-03,67.0,80.0,November
1038,58915,1942-11-04,70.0,80.0,November
1039,58916,1942-11-05,68.0,81.0,November
1040,58917,1942-11-06,68.0,84.0,November
1041,58918,1942-11-07,67.0,82.0,November
1042,58919,1942-11-08,67.0,82.0,November
1043,58920,1942-11-09,67.0,85.0,November
1044,58921,1942-11-10,65.0,78.0,November
1045,58922,1942-11-11,66.0,79.0,November
1046,58923,1942-11-12,66.0,77.0,November
1047,58924,1942-11-13,67.0,76.0,November
1048,58925,1942-11-14,66.0,75.0,November
1049,58926,1942-11-15,65.0,76.0,November
1050,58927,1942-11-16,67.0,82.0,November
1051,58928,1942-11-17,70.0,78.0,November
1052,58929,1942-11-18,68.0,79.0,November
1053,58930,1942-11-19,67.0,80.0,November
1054,58931,1942-11-20,68.0,83.0,November
1055,58932,1942-11-21,65.0,83.0,November
1056,58933,1942-11-22,68.0,85.0,November
1057,58934,1942-11-23,67.0,83.0,November
1058,58935,1942-11-24,67.0,82.0,November
1059,58936,1942-11-25,65.0,81.0,November
1060,58937,1942-11-26,66.0,80.0,November
1061,58938,1942-11-27,67.0,80.0,November
1062,58939,1942-11-28,69.0,80.0,November
1063,58940,1942-11-29,67.0,76.0,November
1064,58941,1942-11-30,64.0,75.0,November
1065,58942,1942-12-01,65.0,78.0,December
1066,58943,1942-12-02,67.0,80.0,December
1067,58944,1942-12-03,67.0,81.0,December
1068,58945,1942-12-04,67.0,82.0,December
1069,58946,1942-12-05,71.0,80.0,December
1070,58947,1942-12-06,68.0,71.0,December
1071,58948,1942-12-07,69.0,79.0,December
1072,58949,1942-12-08,64.0,77.0,December
1073,58950,1942-12-09,60.0,78.0,December
1074,58951,1942-12-10,59.0,79.0,December
1075,58952,1942-12-11,61.0,76.0,December
1076,58953,1942-12-12,65.0,80.0,December
1077,58954,1942-12-13,63.0,72.0,December
1078,58955,1942-12-14,67.0,79.0,December
1079,58956,1942-12-15,67.0,83.0,December
1080,58957,1942-12-16,65.0,81.0,December
1081,58958,1942-12-17,65.0,81.0,December
1082,58959,1942-12-18,64.0,83.0,December
1083,58960,1942-12-19,63.0,80.0,December
1084,58961,1942-12-20,66.0,75.0,December
1085,58962,1942-12-21,67.0,79.0,December
1086,58963,1942-12-22,64.0,79.0,December
1087,58964,1942-12-23,67.0,78.0,December
1088,58965,1942-12-24,67.0,77.0,December
1089,58966,1942-12-25,66.0,78.0,December
1090,58967,1942-12-26,66.0,77.0,December
1091,58968,1942-12-27,64.0,79.0,December
1092,58969,1942-12-28,67.0,74.0,December
1093,58970,1942-12-29,68.0,79.0,December
1094,58971,1942-12-30,67.0,78.0,December
1095,58972,1942-12-31,66.0,74.0,December
1096,58973,1943-01-01,67.0,76.0,January
1097,58974,1943-01-02,66.0,75.0,January
1098,58975,1943-01-03,67.0,70.0,January
1099,58976,1943-01-04,67.0,74.0,January
1100,58977,1943-01-05,65.0,74.0,January
1101,58978,1943-01-06,66.0,80.0,January
1102,58979,1943-01-07,64.0,81.0,January
1103,58980,1943-01-08,67.0,78.0,January
1104,58981,1943-01-09,67.0,78.0,January
1105,58982,1943-01-10,67.0,80.0,January
1106,58983,1943-01-11,67.0,81.0,January
1107,58984,1943-01-12,69.0,75.0,January
1108,58985,1943-01-13,62.0,72.0,January
1109,58986,1943-01-14,58.0,69.0,January
1110,58987,1943-01-15,57.0,69.0,January
1111,58988,1943-01-16,57.0,73.0,January
1112,58989,1943-01-17,60.0,72.0,January
1113,58990,1943-01-18,57.0,72.0,January
1114,58991,1943-01-19,55.0,75.0,January
1115,58992,1943-01-20,55.0,78.0,January
1116,58993,1943-01-21,58.0,78.0,January
1117,58994,1943-01-22,60.0,78.0,January
1118,58995,1943-01-23,58.0,80.0,January
1119,58996,1943-01-24,62.0,78.0,January
1120,58997,1943-01-25,65.0,78.0,January
1121,58998,1943-01-26,62.0,80.0,January
1122,58999,1943-01-27,65.0,79.0,January
1123,59000,1943-01-28,65.0,81.0,January
1124,59001,1943-01-29,64.0,83.0,January
1125,59002,1943-01-30,64.0,81.0,January
1126,59003,1943-01-31,65.0,76.0,January
1127,59004,1943-02-01,62.0,76.0,February
1128,59005,1943-02-02,66.0,75.0,February
1129,59006,1943-02-03,68.0,77.0,February
1130,59007,1943-02-04,66.0,74.0,February
1131,59008,1943-02-05,64.0,74.0,February
1132,59009,1943-02-06,65.0,75.0,February
1133,59010,1943-02-07,65.0,75.0,February
1134,59011,1943-02-08,64.0,75.0,February
1135,59012,1943-02-09,63.0,74.0,February
1136,59013,1943-02-10,60.0,77.0,February
1137,59014,1943-02-11,58.0,70.0,February
1138,59015,1943-02-12,54.0,74.0,February
1139,59016,1943-02-13,54.0,72.0,February
1140,59017,1943-02-14,59.0,70.0,February
1141,59018,1943-02-15,60.0,73.0,February
1142,59019,1943-02-16,62.0,74.0,February
1143,59020,1943-02-17,63.0,75.0,February
1144,59021,1943-02-18,63.0,76.0,February
1145,59022,1943-02-19,64.0,76.0,February
1146,59023,1943-02-20,61.0,78.0,February
1147,59024,1943-02-21,62.0,78.0,February
1148,59025,1943-02-22,60.0,76.0,February
1149,59026,1943-02-23,59.0,79.0,February
1150,59027,1943-02-24,57.0,76.0,February
1151,59028,1943-02-25,56.0,68.0,February
1152,59029,1943-02-26,53.0,74.0,February
1153,59030,1943-02-27,64.0,73.0,February
1154,59031,1943-02-28,58.0,72.0,February
1155,59032,1943-03-01,53.0,80.0,March
1156,59033,1943-03-02,57.0,78.0,March
1157,59034,1943-03-03,61.0,72.0,March
1158,59035,1943-03-04,60.0,72.0,March
1159,59036,1943-03-05,57.0,77.0,March
1160,59037,1943-03-06,56.0,78.0,March
1161,59038,1943-03-07,57.0,78.0,March
1162,59039,1943-03-08,62.0,71.0,March
1163,59040,1943-03-09,60.0,73.0,March
1164,59041,1943-03-10,60.0,73.0,March
1165,59042,1943-03-11,58.0,77.0,March
1166,59043,1943-03-12,57.0,69.0,March
1167,59044,1943-03-13,55.0,72.0,March
1168,59045,1943-03-14,54.0,72.0,March
1169,59046,1943-03-15,57.0,73.0,March
1170,59047,1943-03-16,54.0,75.0,March
1171,59048,1943-03-17,58.0,76.0,March
1172,59049,1943-03-18,64.0,76.0,March
1173,59050,1943-03-19,61.0,77.0,March
1174,59051,1943-03-20,65.0,73.0,March
1175,59052,1943-03-21,65.0,76.0,March
1176,59053,1943-03-22,64.0,77.0,March
1177,59054,1943-03-23,61.0,80.0,March
1178,59055,1943-03-24,66.0,80.0,March
1179,59056,1943-03-25,67.0,76.0,March
1180,59057,1943-03-26,68.0,77.0,March
1181,59058,1943-03-27,67.0,78.0,March
1182,59059,1943-03-28,66.0,76.0,March
1183,59060,1943-03-29,66.0,78.0,March
1184,59061,1943-03-30,64.0,78.0,March
1185,59062,1943-03-31,64.0,79.0,March
1186,59063,1943-04-01,63.0,78.0,April
1187,59064,1943-04-02,65.0,77.0,April
1188,59065,1943-04-03,65.0,75.0,April
1189,59066,1943-04-04,65.0,75.0,April
1190,59067,1943-04-05,65.0,78.0,April
1191,59068,1943-04-06,68.0,79.0,April
1192,59069,1943-04-07,66.0,77.0,April
1193,59070,1943-04-08,68.0,79.0,April
1194,59071,1943-04-09,64.0,78.0,April
1195,59072,1943-04-10,65.0,73.0,April
1196,59073,1943-04-11,58.0,69.0,April
1197,59074,1943-04-12,60.0,72.0,April
1198,59075,1943-04-13,61.0,78.0,April
1199,59076,1943-04-14,62.0,75.0,April
1200,59077,1943-04-15,64.0,79.0,April
1201,59078,1943-04-16,66.0,79.0,April
1202,59079,1943-04-17,66.0,78.0,April
1203,59080,1943-04-18,66.0,78.0,April
1204,59081,1943-04-19,68.0,78.0,April
1205,59082,1943-04-20,65.0,78.0,April
1206,59083,1943-04-21,66.0,78.0,April
1207,59084,1943-04-22,66.0,75.0,April
1208,59085,1943-04-23,65.0,78.0,April
1209,59086,1943-04-24,64.0,83.0,April
1210,59087,1943-04-25,63.0,83.0,April
1211,59088,1943-04-26,65.0,81.0,April
1212,59089,1943-04-27,65.0,82.0,April
1213,59090,1943-04-28,64.0,82.0,April
1214,59091,1943-04-29,67.0,80.0,April
1215,59092,1943-04-30,67.0,78.0,April
1216,59093,1943-05-01,68.0,79.0,May
1217,59094,1943-05-02,66.0,76.0,May
1218,59095,1943-05-03,64.0,78.0,May
1219,59096,1943-05-04,62.0,77.0,May
1220,59097,1943-05-05,64.0,78.0,May
1221,59098,1943-05-06,66.0,81.0,May
1222,59099,1943-05-07,66.0,83.0,May
1223,59100,1943-05-08,63.0,83.0,May
1224,59101,1943-05-09,67.0,81.0,May
1225,59102,1943-05-10,63.0,81.0,May
1226,59103,1943-05-11,65.0,84.0,May
1227,59104,1943-05-12,68.0,80.0,May
1228,59105,1943-05-13,67.0,82.0,May
1229,59106,1943-05-14,64.0,84.0,May
1230,59107,1943-05-15,65.0,84.0,May
1231,59108,1943-05-16,65.0,82.0,May
1232,59109,1943-05-17,67.0,81.0,May
1233,59110,1943-05-18,67.0,79.0,May
1234,59111,1943-05-19,67.0,80.0,May
1235,59112,1943-05-20,68.0,81.0,May
1236,59113,1943-05-21,66.0,82.0,May
1237,59114,1943-05-22,63.0,85.0,May
1238,59115,1943-05-23,65.0,82.0,May
1239,59116,1943-05-24,66.0,79.0,May
1240,59117,1943-05-25,66.0,81.0,May
1241,59118,1943-05-26,67.0,79.0,May
1242,59119,1943-05-27,68.0,77.0,May
1243,59120,1943-05-28,67.0,77.0,May
1244,59121,1943-05-29,64.0,82.0,May
1245,59122,1943-05-30,67.0,82.0,May
1246,59123,1943-05-31,66.0,82.0,May
1247,59124,1943-06-01,69.0,80.0,June
1248,59125,1943-06-02,68.0,82.0,June
1249,59126,1943-06-03,68.0,85.0,June
1250,59127,1943-06-04,69.0,84.0,June
1251,59128,1943-06-05,66.0,88.0,June
1252,59129,1943-06-06,67.0,86.0,June
1253,59130,1943-06-07,70.0,82.0,June
1254,59131,1943-06-08,66.0,82.0,June
1255,59132,1943-06-09,65.0,83.0,June
1256,59133,1943-06-10,69.0,82.0,June
1257,59134,1943-06-11,70.0,76.0,June
1258,59135,1943-06-12,68.0,81.0,June
1259,59136,1943-06-13,68.0,81.0,June
1260,59137,1943-06-14,66.0,82.0,June
1261,59138,1943-06-15,70.0,82.0,June
1262,59139,1943-06-16,68.0,80.0,June
1263,59140,1943-06-17,67.0,79.0,June
1264,59141,1943-06-18,68.0,80.0,June
1265,59142,1943-06-19,68.0,80.0,June
1266,59143,1943-06-20,68.0,81.0,June
1267,59144,1943-06-21,69.0,81.0,June
1268,59145,1943-06-22,66.0,82.0,June
1269,59146,1943-06-23,68.0,81.0,June
1270,59147,1943-06-24,67.0,81.0,June
1271,59148,1943-06-25,67.0,83.0,June
1272,59149,1943-06-26,70.0,82.0,June
1273,59150,1943-06-27,68.0,81.0,June
1274,59151,1943-06-28,68.0,80.0,June
1275,59152,1943-06-29,69.0,81.0,June
1276,59153,1943-06-30,67.0,79.0,June
1277,59154,1943-07-01,68.0,76.0,July
1278,59155,1943-07-02,68.0,80.0,July
1279,59156,1943-07-03,66.0,82.0,July
1280,59157,1943-07-04,67.0,81.0,July
1281,59158,1943-07-05,70.0,79.0,July
1282,59159,1943-07-06,71.0,79.0,July
1283,59160,1943-07-07,70.0,78.0,July
1284,59161,1943-07-08,72.0,82.0,July
1285,59162,1943-07-09,69.0,82.0,July
1286,59163,1943-07-10,69.0,82.0,July
1287,59164,1943-07-11,67.0,82.0,July
1288,59165,1943-07-12,66.0,82.0,July
1289,59166,1943-07-13,70.0,81.0,July
1290,59167,1943-07-14,68.0,80.0,July
1291,59168,1943-07-15,66.0,80.0,July
1292,59169,1943-07-16,66.0,82.0,July
1293,59170,1943-07-17,67.0,82.0,July
1294,59171,1943-07-18,72.0,80.0,July
1295,59172,1943-07-19,73.0,80.0,July
1296,59173,1943-07-20,71.0,82.0,July
1297,59174,1943-07-21,66.0,82.0,July
1298,59175,1943-07-22,66.0,83.0,July
1299,59176,1943-07-23,69.0,82.0,July
1300,59177,1943-07-24,66.0,82.0,July
1301,59178,1943-07-25,67.0,82.0,July
1302,59179,1943-07-26,65.0,83.0,July
1303,59180,1943-07-27,70.0,85.0,July
1304,59181,1943-07-28,70.0,87.0,July
1305,59182,1943-07-29,72.0,85.0,July
1306,59183,1943-07-30,70.0,83.0,July
1307,59184,1943-07-31,70.0,81.0,July
1308,59185,1943-08-01,68.0,79.0,August
1309,59186,1943-08-02,68.0,81.0,August
1310,59187,1943-08-03,68.0,82.0,August
1311,59188,1943-08-04,71.0,83.0,August
1312,59189,1943-08-05,71.0,84.0,August
1313,59190,1943-08-06,70.0,77.0,August
1314,59191,1943-08-07,69.0,80.0,August
1315,59192,1943-08-08,67.0,81.0,August
1316,59193,1943-08-09,67.0,81.0,August
1317,59194,1943-08-10,68.0,82.0,August
1318,59195,1943-08-11,69.0,80.0,August
1319,59196,1943-08-12,70.0,82.0,August
1320,59197,1943-08-13,70.0,80.0,August
1321,59198,1943-08-14,68.0,80.0,August
1322,59199,1943-08-15,68.0,84.0,August
1323,59200,1943-08-16,67.0,85.0,August
1324,59201,1943-08-17,68.0,83.0,August
1325,59202,1943-08-18,69.0,83.0,August
1326,59203,1943-08-19,70.0,84.0,August
1327,59204,1943-08-20,69.0,83.0,August
1328,59205,1943-08-21,72.0,83.0,August
1329,59206,1943-08-22,72.0,84.0,August
1330,59207,1943-08-23,70.0,83.0,August
1331,59208,1943-08-24,71.0,82.0,August
1332,59209,1943-08-25,69.0,83.0,August
1333,59210,1943-08-26,68.0,80.0,August
1334,59211,1943-08-27,68.0,81.0,August
1335,59212,1943-08-28,68.0,81.0,August
1336,59213,1943-08-29,69.0,78.0,August
1337,59214,1943-08-30,70.0,82.0,August
1338,59215,1943-08-31,68.0,84.0,August
1339,59216,1943-09-01,70.0,84.0,September
1340,59217,1943-09-02,70.0,84.0,September
1341,59218,1943-09-03,69.0,84.0,September
1342,59219,1943-09-04,69.0,83.0,September
1343,59220,1943-09-05,67.0,85.0,September
1344,59221,1943-09-06,71.0,83.0,September
1345,59222,1943-09-07,67.0,84.0,September
1346,59223,1943-09-08,69.0,85.0,September
1347,59224,1943-09-09,68.0,82.0,September
1348,59225,1943-09-10,68.0,82.0,September
1349,59226,1943-09-11,68.0,82.0,September
1350,59227,1943-09-12,70.0,82.0,September
1351,59228,1943-09-13,68.0,83.0,September
1352,59229,1943-09-14,68.0,85.0,September
1353,59230,1943-09-15,67.0,85.0,September
1354,59231,1943-09-16,67.0,84.0,September
1355,59232,1943-09-17,67.0,83.0,September
1356,59233,1943-09-18,69.0,81.0,September
1357,59234,1943-09-19,68.0,80.0,September
1358,59235,1943-09-20,67.0,80.0,September
1359,59236,1943-09-21,64.0,84.0,September
1360,59237,1943-09-22,65.0,87.0,September
1361,59238,1943-09-23,64.0,87.0,September
1362,59239,1943-09-24,65.0,85.0,September
1363,59240,1943-09-25,69.0,84.0,September
1364,59241,1943-09-26,69.0,82.0,September
1365,59242,1943-09-27,69.0,79.0,September
1366,59243,1943-09-28,69.0,80.0,September
1367,59244,1943-09-29,69.0,84.0,September
1368,59245,1943-09-30,67.0,83.0,September
1369,59246,1943-10-01,69.0,83.0,October
1370,59247,1943-10-02,68.0,85.0,October
1371,59248,1943-10-03,65.0,85.0,October
1372,59249,1943-10-04,69.0,83.0,October
1373,59250,1943-10-05,67.0,83.0,October
1374,59251,1943-10-06,64.0,85.0,October
1375,59252,1943-10-07,64.0,87.0,October
1376,59253,1943-10-08,67.0,82.0,October
1377,59254,1943-10-09,68.0,81.0,October
1378,59255,1943-10-10,68.0,80.0,October
1379,59256,1943-10-11,67.0,82.0,October
1380,59257,1943-10-12,66.0,83.0,October
1381,59258,1943-10-13,63.0,83.0,October
1382,59259,1943-10-14,67.0,80.0,October
1383,59260,1943-10-15,67.0,83.0,October
1384,59261,1943-10-16,69.0,81.0,October
1385,59262,1943-10-17,69.0,80.0,October
1386,59263,1943-10-18,69.0,81.0,October
1387,59264,1943-10-19,68.0,81.0,October
1388,59265,1943-10-20,67.0,82.0,October
1389,59266,1943-10-21,67.0,82.0,October
1390,59267,1943-10-22,66.0,81.0,October
1391,59268,1943-10-23,69.0,80.0,October
1392,59269,1943-10-24,68.0,80.0,October
1393,59270,1943-10-25,67.0,81.0,October
1394,59271,1943-10-26,67.0,80.0,October
1395,59272,1943-10-27,66.0,81.0,October
1396,59273,1943-10-28,66.0,81.0,October
1397,59274,1943-10-29,66.0,84.0,October
1398,59275,1943-10-30,65.0,81.0,October
1399,59276,1943-10-31,65.0,84.0,October
1400,59277,1943-11-01,67.0,83.0,November
1401,59278,1943-11-02,64.0,81.0,November
1402,59279,1943-11-03,69.0,81.0,November
1403,59280,1943-11-04,67.0,81.0,November
1404,59281,1943-11-05,66.0,83.0,November
1405,59282,1943-11-06,63.0,81.0,November
1406,59283,1943-11-07,62.0,84.0,November
1407,59284,1943-11-08,61.0,83.0,November
1408,59285,1943-11-09,64.0,81.0,November
1409,59286,1943-11-10,68.0,80.0,November
1410,59287,1943-11-11,63.0,81.0,November
1411,59288,1943-11-12,65.0,82.0,November
1412,59289,1943-11-13,63.0,80.0,November
1413,59290,1943-11-14,66.0,76.0,November
1414,59291,1943-11-15,63.0,76.0,November
1415,59292,1943-11-16,60.0,80.0,November
1416,59293,1943-11-17,64.0,78.0,November
1417,59294,1943-11-18,66.0,80.0,November
1418,59295,1943-11-19,67.0,77.0,November
1419,59296,1943-11-20,64.0,79.0,November
1420,59297,1943-11-21,62.0,79.0,November
1421,59298,1943-11-22,61.0,81.0,November
1422,59299,1943-11-23,58.0,83.0,November
1423,59300,1943-11-24,60.0,82.0,November
1424,59301,1943-11-25,62.0,82.0,November
1425,59302,1943-11-26,60.0,81.0,November
1426,59303,1943-11-27,64.0,82.0,November
1427,59304,1943-11-28,68.0,80.0,November
1428,59305,1943-11-29,69.0,80.0,November
1429,59306,1943-11-30,68.0,77.0,November
1430,59307,1943-12-01,66.0,75.0,December
1431,59308,1943-12-02,66.0,77.0,December
1432,59309,1943-12-03,68.0,78.0,December
1433,59310,1943-12-04,67.0,78.0,December
1434,59311,1943-12-05,65.0,76.0,December
1435,59312,1943-12-06,64.0,76.0,December
1436,59313,1943-12-07,66.0,81.0,December
1437,59314,1943-12-08,65.0,84.0,December
1438,59315,1943-12-09,63.0,72.0,December
1439,59316,1943-12-10,60.0,75.0,December
1440,59317,1943-12-11,59.0,81.0,December
1441,59318,1943-12-12,56.0,80.0,December
1442,59319,1943-12-13,61.0,79.0,December
1443,59320,1943-12-14,66.0,76.0,December
1444,59321,1943-12-15,64.0,78.0,December
1445,59322,1943-12-16,64.0,82.0,December
1446,59323,1943-12-17,61.0,76.0,December
1447,59324,1943-12-18,65.0,78.0,December
1448,59325,1943-12-19,62.0,78.0,December
1449,59326,1943-12-20,62.0,79.0,December
1450,59327,1943-12-21,58.0,80.0,December
1451,59328,1943-12-22,58.0,79.0,December
1452,59329,1943-12-23,60.0,76.0,December
1453,59330,1943-12-24,62.0,78.0,December
1454,59331,1943-12-25,62.0,76.0,December
1455,59332,1943-12-26,68.0,77.0,December
1456,59333,1943-12-27,65.0,71.0,December
1457,59334,1943-12-28,65.0,71.0,December
1458,59335,1943-12-29,65.0,76.0,December
1459,59336,1943-12-30,64.0,75.0,December
1460,59337,1943-12-31,60.0,74.0,December
1461,59338,1944-01-01,61.0,75.0,January
1462,59339,1944-01-02,64.0,75.0,January
1463,59340,1944-01-03,66.0,75.0,January
1464,59341,1944-01-04,67.0,76.0,January
1465,59342,1944-01-05,62.0,77.0,January
1466,59343,1944-01-06,64.0,74.0,January
1467,59344,1944-01-07,63.0,75.0,January
1468,59345,1944-01-08,61.0,76.0,January
1469,59346,1944-01-09,60.0,75.0,January
1470,59347,1944-01-10,61.0,80.0,January
1471,59348,1944-01-11,60.0,74.0,January
1472,59349,1944-01-12,60.0,80.0,January
1473,59350,1944-01-13,56.0,80.0,January
1474,59351,1944-01-14,58.0,77.0,January
1475,59352,1944-01-15,63.0,75.0,January
1476,59353,1944-01-16,61.0,78.0,January
1477,59354,1944-01-17,59.0,77.0,January
1478,59355,1944-01-18,63.0,82.0,January
1479,59356,1944-01-19,62.0,76.0,January
1480,59357,1944-01-20,62.0,77.0,January
1481,59358,1944-01-21,59.0,81.0,January
1482,59359,1944-01-22,66.0,76.0,January
1483,59360,1944-01-23,64.0,80.0,January
1484,59361,1944-01-24,61.0,86.0,January
1485,59362,1944-01-25,62.0,80.0,January
1486,59363,1944-01-26,66.0,81.0,January
1487,59364,1944-01-27,59.0,80.0,January
1488,59365,1944-01-28,63.0,81.0,January
1489,59366,1944-01-29,62.0,80.0,January
1490,59367,1944-01-30,58.0,81.0,January
1491,59368,1944-01-31,57.0,80.0,January
1492,59369,1944-02-01,59.0,78.0,February
1493,59370,1944-02-02,63.0,77.0,February
1494,59371,1944-02-03,62.0,81.0,February
1495,59372,1944-02-04,59.0,82.0,February
1496,59373,1944-02-05,59.0,78.0,February
1497,59374,1944-02-06,62.0,76.0,February
1498,59375,1944-02-07,63.0,76.0,February
1499,59376,1944-02-08,58.0,79.0,February
1500,59377,1944-02-09,57.0,75.0,February
1501,59378,1944-02-10,57.0,77.0,February
1502,59379,1944-02-11,63.0,73.0,February
1503,59380,1944-02-12,57.0,75.0,February
1504,59381,1944-02-13,59.0,76.0,February
1505,59382,1944-02-14,59.0,78.0,February
1506,59383,1944-02-15,61.0,77.0,February
1507,59384,1944-02-16,62.0,78.0,February
1508,59385,1944-02-17,61.0,77.0,February
1509,59386,1944-02-18,62.0,80.0,February
1510,59387,1944-02-19,61.0,79.0,February
1511,59388,1944-02-20,60.0,72.0,February
1512,59389,1944-02-21,61.0,72.0,February
1513,59390,1944-02-22,58.0,68.0,February
1514,59391,1944-02-23,58.0,71.0,February
1515,59392,1944-02-24,56.0,75.0,February
1516,59393,1944-02-25,56.0,78.0,February
1517,59394,1944-02-26,63.0,78.0,February
1518,59395,1944-02-27,62.0,76.0,February
1519,59396,1944-02-28,63.0,74.0,February
1520,59397,1944-02-29,60.0,72.0,February
1521,59398,1944-03-01,60.0,77.0,March
1522,59399,1944-03-02,67.0,78.0,March
1523,59400,1944-03-03,66.0,75.0,March
1524,59401,1944-03-04,66.0,77.0,March
1525,59402,1944-03-05,66.0,79.0,March
1526,59403,1944-03-06,64.0,75.0,March
1527,59404,1944-03-07,64.0,76.0,March
1528,59405,1944-03-08,66.0,72.0,March
1529,59406,1944-03-09,67.0,75.0,March
1530,59407,1944-03-10,64.0,78.0,March
1531,59408,1944-03-11,63.0,75.0,March
1532,59409,1944-03-12,63.0,77.0,March
1533,59410,1944-03-13,61.0,81.0,March
1534,59411,1944-03-14,61.0,80.0,March
1535,59412,1944-03-15,60.0,81.0,March
1536,59413,1944-03-16,58.0,81.0,March
1537,59414,1944-03-17,64.0,75.0,March
1538,59415,1944-03-18,62.0,80.0,March
1539,59416,1944-03-19,61.0,80.0,March
1540,59417,1944-03-20,63.0,78.0,March
1541,59418,1944-03-21,63.0,76.0,March
1542,59419,1944-03-22,62.0,77.0,March
1543,59420,1944-03-23,60.0,79.0,March
1544,59421,1944-03-24,59.0,79.0,March
1545,59422,1944-03-25,56.0,76.0,March
1546,59423,1944-03-26,55.0,78.0,March
1547,59424,1944-03-27,59.0,79.0,March
1548,59425,1944-03-28,60.0,77.0,March
1549,59426,1944-03-29,62.0,79.0,March
1550,59427,1944-03-30,63.0,76.0,March
1551,59428,1944-03-31,64.0,75.0,March
1552,59429,1944-04-01,65.0,76.0,April
1553,59430,1944-04-02,65.0,74.0,April
1554,59431,1944-04-03,63.0,78.0,April
1555,59432,1944-04-04,59.0,73.0,April
1556,59433,1944-04-05,60.0,78.0,April
1557,59434,1944-04-06,66.0,77.0,April
1558,59435,1944-04-07,67.0,78.0,April
1559,59436,1944-04-08,68.0,77.0,April
1560,59437,1944-04-09,67.0,77.0,April
1561,59438,1944-04-10,66.0,76.0,April
1562,59439,1944-04-11,68.0,74.0,April
1563,59440,1944-04-12,68.0,76.0,April
1564,59441,1944-04-13,67.0,77.0,April
1565,59442,1944-04-14,63.0,79.0,April
1566,59443,1944-04-15,66.0,76.0,April
1567,59444,1944-04-16,65.0,76.0,April
1568,59445,1944-04-17,67.0,77.0,April
1569,59446,1944-04-18,66.0,78.0,April
1570,59447,1944-04-19,66.0,78.0,April
1571,59448,1944-04-20,64.0,77.0,April
1572,59449,1944-04-21,65.0,75.0,April
1573,59450,1944-04-22,64.0,76.0,April
1574,59451,1944-04-23,67.0,78.0,April
1575,59452,1944-04-24,63.0,78.0,April
1576,59453,1944-04-25,65.0,77.0,April
1577,59454,1944-04-26,64.0,78.0,April
1578,59455,1944-04-27,62.0,80.0,April
1579,59456,1944-04-28,63.0,80.0,April
1580,59457,1944-04-29,62.0,83.0,April
1581,59458,1944-04-30,61.0,82.0,April
1582,59459,1944-05-01,64.0,80.0,May
1583,59460,1944-05-02,61.0,82.0,May
1584,59461,1944-05-03,65.0,77.0,May
1585,59462,1944-05-04,65.0,80.0,May
1586,59463,1944-05-05,62.0,80.0,May
1587,59464,1944-05-06,65.0,80.0,May
1588,59465,1944-05-07,66.0,78.0,May
1589,59466,1944-05-08,66.0,79.0,May
1590,59467,1944-05-09,65.0,79.0,May
1591,59468,1944-05-10,67.0,78.0,May
1592,59469,1944-05-11,64.0,80.0,May
1593,59470,1944-05-12,64.0,79.0,May
1594,59471,1944-05-13,66.0,79.0,May
1595,59472,1944-05-14,66.0,79.0,May
1596,59473,1944-05-15,66.0,79.0,May
1597,59474,1944-05-16,67.0,78.0,May
1598,59475,1944-05-17,64.0,80.0,May
1599,59476,1944-05-18,63.0,78.0,May
1600,59477,1944-05-19,68.0,79.0,May
1601,59478,1944-05-20,66.0,80.0,May
1602,59479,1944-05-21,65.0,79.0,May
1603,59480,1944-05-22,63.0,80.0,May
1604,59481,1944-05-23,62.0,80.0,May
1605,59482,1944-05-24,60.0,78.0,May
1606,59483,1944-05-25,60.0,79.0,May
1607,59484,1944-05-26,62.0,80.0,May
1608,59485,1944-05-27,64.0,80.0,May
1609,59486,1944-05-28,62.0,80.0,May
1610,59487,1944-05-29,66.0,79.0,May
1611,59488,1944-05-30,65.0,79.0,May
1612,59489,1944-05-31,66.0,78.0,May
1613,59490,1944-06-01,68.0,78.0,June
1614,59491,1944-06-02,66.0,78.0,June
1615,59492,1944-06-03,66.0,78.0,June
1616,59493,1944-06-04,67.0,78.0,June
1617,59494,1944-06-05,66.0,81.0,June
1618,59495,1944-06-06,67.0,81.0,June
1619,59496,1944-06-07,66.0,83.0,June
1620,59497,1944-06-08,67.0,81.0,June
1621,59498,1944-06-09,66.0,82.0,June
1622,59499,1944-06-10,67.0,80.0,June
1623,59500,1944-06-11,67.0,76.0,June
1624,59501,1944-06-12,67.0,82.0,June
1625,59502,1944-06-13,66.0,82.0,June
1626,59503,1944-06-14,65.0,83.0,June
1627,59504,1944-06-15,64.0,78.0,June
1628,59505,1944-06-16,68.0,81.0,June
1629,59506,1944-06-17,66.0,83.0,June
1630,59507,1944-06-18,67.0,77.0,June
1631,59508,1944-06-19,67.0,80.0,June
1632,59509,1944-06-20,67.0,78.0,June
1633,59510,1944-06-21,66.0,79.0,June
1634,59511,1944-06-22,68.0,80.0,June
1635,59512,1944-06-23,69.0,80.0,June
1636,59513,1944-06-24,64.0,81.0,June
1637,59514,1944-06-25,65.0,80.0,June
1638,59515,1944-06-26,68.0,79.0,June
1639,59516,1944-06-27,66.0,79.0,June
1640,59517,1944-06-28,67.0,78.0,June
1641,59518,1944-06-29,67.0,79.0,June
1642,59519,1944-06-30,65.0,75.0,June
1643,59520,1944-07-01,67.0,80.0,July
1644,59521,1944-07-02,69.0,80.0,July
1645,59522,1944-07-03,68.0,79.0,July
1646,59523,1944-07-04,67.0,78.0,July
1647,59524,1944-07-05,67.0,82.0,July
1648,59525,1944-07-06,69.0,81.0,July
1649,59526,1944-07-07,69.0,81.0,July
1650,59527,1944-07-08,69.0,80.0,July
1651,59528,1944-07-09,67.0,79.0,July
1652,59529,1944-07-10,67.0,82.0,July
1653,59530,1944-07-11,66.0,84.0,July
1654,59531,1944-07-12,68.0,82.0,July
1655,59532,1944-07-13,70.0,79.0,July
1656,59533,1944-07-14,69.0,79.0,July
1657,59534,1944-07-15,71.0,82.0,July
1658,59535,1944-07-16,69.0,81.0,July
1659,59536,1944-07-17,69.0,82.0,July
1660,59537,1944-07-18,68.0,82.0,July
1661,59538,1944-07-19,69.0,80.0,July
1662,59539,1944-07-20,69.0,79.0,July
1663,59540,1944-07-21,68.0,81.0,July
1664,59541,1944-07-22,69.0,81.0,July
1665,59542,1944-07-23,66.0,80.0,July
1666,59543,1944-07-24,67.0,80.0,July
1667,59544,1944-07-25,69.0,81.0,July
1668,59545,1944-07-26,65.0,82.0,July
1669,59546,1944-07-27,69.0,82.0,July
1670,59547,1944-07-28,69.0,81.0,July
1671,59548,1944-07-29,67.0,82.0,July
1672,59549,1944-07-30,67.0,81.0,July
1673,59550,1944-07-31,68.0,83.0,July
1674,59551,1944-08-01,66.0,81.0,August
1675,59552,1944-08-02,66.0,82.0,August
1676,59553,1944-08-03,70.0,81.0,August
1677,59554,1944-08-04,68.0,80.0,August
1678,59555,1944-08-05,66.0,80.0,August
1679,59556,1944-08-06,67.0,80.0,August
1680,59557,1944-08-07,66.0,80.0,August
1681,59558,1944-08-08,67.0,82.0,August
1682,59559,1944-08-09,68.0,76.0,August
1683,59560,1944-08-10,67.0,81.0,August
1684,59561,1944-08-11,67.0,82.0,August
1685,59562,1944-08-12,67.0,81.0,August
1686,59563,1944-08-13,68.0,80.0,August
1687,59564,1944-08-14,67.0,79.0,August
1688,59565,1944-08-15,68.0,82.0,August
1689,59566,1944-08-16,68.0,82.0,August
1690,59567,1944-08-17,68.0,83.0,August
1691,59568,1944-08-18,69.0,83.0,August
1692,59569,1944-08-19,69.0,82.0,August
1693,59570,1944-08-20,69.0,81.0,August
1694,59571,1944-08-21,68.0,81.0,August
1695,59572,1944-08-22,67.0,81.0,August
1696,59573,1944-08-23,66.0,82.0,August
1697,59574,1944-08-24,67.0,78.0,August
1698,59575,1944-08-25,67.0,80.0,August
1699,59576,1944-08-26,67.0,80.0,August
1700,59577,1944-08-27,66.0,79.0,August
1701,59578,1944-08-28,66.0,83.0,August
1702,59579,1944-08-29,65.0,81.0,August
1703,59580,1944-08-30,67.0,82.0,August
1704,59581,1944-08-31,69.0,82.0,August
1705,59582,1944-09-01,66.0,82.0,September
1706,59583,1944-09-02,69.0,82.0,September
1707,59584,1944-09-03,66.0,83.0,September
1708,59585,1944-09-04,68.0,82.0,September
1709,59586,1944-09-05,66.0,81.0,September
1710,59587,1944-09-06,68.0,81.0,September
1711,59588,1944-09-07,67.0,82.0,September
1712,59589,1944-09-08,64.0,84.0,September
1713,59590,1944-09-09,62.0,83.0,September
1714,59591,1944-09-10,63.0,81.0,September
1715,59592,1944-09-11,66.0,82.0,September
1716,59593,1944-09-12,69.0,82.0,September
1717,59594,1944-09-13,68.0,81.0,September
1718,59595,1944-09-14,66.0,82.0,September
1719,59596,1944-09-15,65.0,81.0,September
1720,59597,1944-09-16,66.0,81.0,September
1721,59598,1944-09-17,68.0,81.0,September
1722,59599,1944-09-18,68.0,80.0,September
1723,59600,1944-09-19,65.0,81.0,September
1724,59601,1944-09-20,66.0,81.0,September
1725,59602,1944-09-21,63.0,80.0,September
1726,59603,1944-09-22,63.0,85.0,September
1727,59604,1944-09-23,65.0,86.0,September
1728,59605,1944-09-24,65.0,85.0,September
1729,59606,1944-09-25,65.0,84.0,September
1730,59607,1944-09-26,67.0,83.0,September
1731,59608,1944-09-27,65.0,82.0,September
1732,59609,1944-09-28,64.0,85.0,September
1733,59610,1944-09-29,66.0,82.0,September
1734,59611,1944-09-30,70.0,82.0,September
1735,59612,1944-10-01,69.0,82.0,October
1736,59613,1944-10-02,71.0,79.0,October
1737,59614,1944-10-03,67.0,80.0,October
1738,59615,1944-10-04,64.0,81.0,October
1739,59616,1944-10-05,63.0,83.0,October
1740,59617,1944-10-06,67.0,82.0,October
1741,59618,1944-10-07,63.0,81.0,October
1742,59619,1944-10-08,64.0,80.0,October
1743,59620,1944-10-09,61.0,81.0,October
1744,59621,1944-10-10,67.0,86.0,October
1745,59622,1944-10-11,66.0,80.0,October
1746,59623,1944-10-12,62.0,79.0,October
1747,59624,1944-10-13,65.0,80.0,October
1748,59625,1944-10-14,67.0,80.0,October
1749,59626,1944-10-15,68.0,81.0,October
1750,59627,1944-10-16,67.0,76.0,October
1751,59628,1944-10-17,68.0,72.0,October
1752,59629,1944-10-18,67.0,78.0,October
1753,59630,1944-10-19,68.0,79.0,October
1754,59631,1944-10-20,68.0,79.0,October
1755,59632,1944-10-21,68.0,80.0,October
1756,59633,1944-10-22,66.0,79.0,October
1757,59634,1944-10-23,64.0,81.0,October
1758,59635,1944-10-24,64.0,82.0,October
1759,59636,1944-10-25,65.0,76.0,October
1760,59637,1944-10-26,65.0,78.0,October
1761,59638,1944-10-27,66.0,77.0,October
1762,59639,1944-10-28,67.0,78.0,October
1763,59640,1944-10-29,68.0,78.0,October
1764,59641,1944-10-30,69.0,78.0,October
1765,59642,1944-10-31,68.0,81.0,October
1766,59643,1944-11-01,65.0,79.0,November
1767,59644,1944-11-02,67.0,80.0,November
1768,59645,1944-11-03,68.0,80.0,November
1769,59646,1944-11-04,68.0,78.0,November
1770,59647,1944-11-05,68.0,79.0,November
1771,59648,1944-11-06,69.0,79.0,November
1772,59649,1944-11-07,67.0,76.0,November
1773,59650,1944-11-08,66.0,78.0,November
1774,59651,1944-11-09,66.0,79.0,November
1775,59652,1944-11-10,67.0,78.0,November
1776,59653,1944-11-11,66.0,78.0,November
1777,59654,1944-11-12,64.0,77.0,November
1778,59655,1944-11-13,62.0,77.0,November
1779,59656,1944-11-14,65.0,79.0,November
1780,59657,1944-11-15,67.0,77.0,November
1781,59658,1944-11-16,67.0,77.0,November
1782,59659,1944-11-17,65.0,76.0,November
1783,59660,1944-11-18,64.0,76.0,November
1784,59661,1944-11-19,66.0,78.0,November
1785,59662,1944-11-20,65.0,76.0,November
1786,59663,1944-11-21,67.0,78.0,November
1787,59664,1944-11-22,68.0,78.0,November
1788,59665,1944-11-23,67.0,78.0,November
1789,59666,1944-11-24,66.0,82.0,November
1790,59667,1944-11-25,64.0,80.0,November
1791,59668,1944-11-26,58.0,79.0,November
1792,59669,1944-11-27,62.0,77.0,November
1793,59670,1944-11-28,63.0,78.0,November
1794,59671,1944-11-29,66.0,74.0,November
1795,59672,1944-11-30,67.0,77.0,November
1796,59673,1944-12-01,66.0,75.0,December
1797,59674,1944-12-02,66.0,77.0,December
1798,59675,1944-12-03,66.0,79.0,December
1799,59676,1944-12-04,67.0,78.0,December
1800,59677,1944-12-05,65.0,71.0,December
1801,59678,1944-12-06,65.0,71.0,December
1802,59679,1944-12-07,64.0,69.0,December
1803,59680,1944-12-08,64.0,74.0,December
1804,59681,1944-12-09,61.0,76.0,December
1805,59682,1944-12-10,59.0,76.0,December
1806,59683,1944-12-11,62.0,74.0,December
1807,59684,1944-12-12,64.0,76.0,December
1808,59685,1944-12-13,64.0,73.0,December
1809,59686,1944-12-14,67.0,75.0,December
1810,59687,1944-12-15,66.0,70.0,December
1811,59688,1944-12-16,61.0,72.0,December
1812,59689,1944-12-17,62.0,73.0,December
1813,59690,1944-12-18,60.0,73.0,December
1814,59691,1944-12-19,59.0,73.0,December
1815,59692,1944-12-20,59.0,71.0,December
1816,59693,1944-12-21,63.0,72.0,December
1817,59694,1944-12-22,63.0,74.0,December
1818,59695,1944-12-23,62.0,77.0,December
1819,59696,1944-12-24,65.0,76.0,December
1820,59697,1944-12-25,64.0,79.0,December
1821,59698,1944-12-26,65.0,75.0,December
1822,59699,1944-12-27,66.0,73.0,December
1823,59700,1944-12-28,65.0,77.0,December
1824,59701,1944-12-29,61.0,77.0,December
1825,59702,1944-12-30,57.0,80.0,December
1826,59703,1944-12-31,58.0,79.0,December
1827,59704,1945-01-01,58.0,78.0,January
1828,59705,1945-01-02,56.0,80.0,January
1829,59706,1945-01-03,57.0,80.0,January
1830,59707,1945-01-04,59.0,81.0,January
1831,59708,1945-01-05,62.0,80.0,January
1832,59709,1945-01-06,61.0,77.0,January
1833,59710,1945-01-07,60.0,81.0,January
1834,59711,1945-01-08,60.0,78.0,January
1835,59712,1945-01-09,61.0,78.0,January
1836,59713,1945-01-10,61.0,76.0,January
1837,59714,1945-01-11,61.0,76.0,January
1838,59715,1945-01-12,63.0,76.0,January
1839,59716,1945-01-13,62.0,74.0,January
1840,59717,1945-01-14,65.0,75.0,January
1841,59718,1945-01-15,62.0,80.0,January
1842,59719,1945-01-16,62.0,76.0,January
1843,59720,1945-01-17,62.0,75.0,January
1844,59721,1945-01-18,63.0,79.0,January
1845,59722,1945-01-19,59.0,79.0,January
1846,59723,1945-01-20,58.0,81.0,January
1847,59724,1945-01-21,60.0,81.0,January
1848,59725,1945-01-22,61.0,71.0,January
1849,59726,1945-01-23,60.0,74.0,January
1850,59727,1945-01-24,57.0,79.0,January
1851,59728,1945-01-25,57.0,80.0,January
1852,59729,1945-01-26,57.0,82.0,January
1853,59730,1945-01-27,59.0,80.0,January
1854,59731,1945-01-28,61.0,81.0,January
1855,59732,1945-01-29,63.0,79.0,January
1856,59733,1945-01-30,63.0,78.0,January
1857,59734,1945-01-31,62.0,82.0,January
1858,59735,1945-02-01,59.0,80.0,February
1859,59736,1945-02-02,57.0,82.0,February
1860,59737,1945-02-03,56.0,81.0,February
1861,59738,1945-02-04,58.0,77.0,February
1862,59739,1945-02-05,66.0,71.0,February
1863,59740,1945-02-06,68.0,81.0,February
1864,59741,1945-02-07,67.0,79.0,February
1865,59742,1945-02-08,64.0,78.0,February
1866,59743,1945-02-09,62.0,78.0,February
1867,59744,1945-02-10,63.0,79.0,February
1868,59745,1945-02-11,62.0,79.0,February
1869,59746,1945-02-12,60.0,79.0,February
1870,59747,1945-02-13,60.0,77.0,February
1871,59748,1945-02-14,62.0,76.0,February
1872,59749,1945-02-15,60.0,79.0,February
1873,59750,1945-02-16,58.0,77.0,February
1874,59751,1945-02-17,63.0,78.0,February
1875,59752,1945-02-18,59.0,80.0,February
1876,59753,1945-02-19,60.0,78.0,February
1877,59754,1945-02-20,66.0,78.0,February
1878,59755,1945-02-21,63.0,76.0,February
1879,59756,1945-02-22,64.0,75.0,February
1880,59757,1945-02-23,62.0,79.0,February
1881,59758,1945-02-24,65.0,78.0,February
1882,59759,1945-02-25,64.0,74.0,February
1883,59760,1945-02-26,64.0,76.0,February
1884,59761,1945-02-27,62.0,75.0,February
1885,59762,1945-02-28,62.0,78.0,February
1886,59763,1945-03-01,61.0,77.0,March
1887,59764,1945-03-02,65.0,74.0,March
1888,59765,1945-03-03,64.0,75.0,March
1889,59766,1945-03-04,64.0,73.0,March
1890,59767,1945-03-05,63.0,75.0,March
1891,59768,1945-03-06,63.0,73.0,March
1892,59769,1945-03-07,63.0,72.0,March
1893,59770,1945-03-08,62.0,75.0,March
1894,59771,1945-03-09,62.0,76.0,March
1895,59772,1945-03-10,62.0,77.0,March
1896,59773,1945-03-11,64.0,74.0,March
1897,59774,1945-03-12,64.0,76.0,March
1898,59775,1945-03-13,66.0,72.0,March
1899,59776,1945-03-14,66.0,74.0,March
1900,59777,1945-03-15,63.0,75.0,March
1901,59778,1945-03-16,60.0,77.0,March
1902,59779,1945-03-17,66.0,75.0,March
1903,59780,1945-03-18,67.0,76.0,March
1904,59781,1945-03-19,66.0,74.0,March
1905,59782,1945-03-20,65.0,78.0,March
1906,59783,1945-03-21,65.0,77.0,March
1907,59784,1945-03-22,64.0,79.0,March
1908,59785,1945-03-23,63.0,78.0,March
1909,59786,1945-03-24,64.0,73.0,March
1910,59787,1945-03-25,65.0,77.0,March
1911,59788,1945-03-26,65.0,75.0,March
1912,59789,1945-03-27,65.0,76.0,March
1913,59790,1945-03-28,66.0,77.0,March
1914,59791,1945-03-29,65.0,75.0,March
1915,59792,1945-03-30,62.0,81.0,March
1916,59793,1945-03-31,64.0,78.0,March
1917,59794,1945-04-01,62.0,79.0,April
1918,59795,1945-04-02,64.0,78.0,April
1919,59796,1945-04-03,64.0,76.0,April
1920,59797,1945-04-04,62.0,76.0,April
1921,59798,1945-04-05,65.0,79.0,April
1922,59799,1945-04-06,63.0,68.0,April
1923,59800,1945-04-07,63.0,76.0,April
1924,59801,1945-04-08,62.0,72.0,April
1925,59802,1945-04-09,66.0,79.0,April
1926,59803,1945-04-10,67.0,78.0,April
1927,59804,1945-04-11,67.0,78.0,April
1928,59805,1945-04-12,65.0,78.0,April
1929,59806,1945-04-13,62.0,69.0,April
1930,59807,1945-04-14,61.0,74.0,April
1931,59808,1945-04-15,64.0,73.0,April
1932,59809,1945-04-16,63.0,76.0,April
1933,59810,1945-04-17,62.0,78.0,April
1934,59811,1945-04-18,63.0,78.0,April
1935,59812,1945-04-19,62.0,80.0,April
1936,59813,1945-04-20,62.0,80.0,April
1937,59814,1945-04-21,66.0,80.0,April
1938,59815,1945-04-22,66.0,80.0,April
1939,59816,1945-04-23,66.0,73.0,April
1940,59817,1945-04-24,67.0,76.0,April
1941,59818,1945-04-25,66.0,80.0,April
1942,59819,1945-04-26,62.0,78.0,April
1943,59820,1945-04-27,63.0,80.0,April
1944,59821,1945-04-28,64.0,82.0,April
1945,59822,1945-04-29,63.0,79.0,April
1946,59823,1945-04-30,62.0,79.0,April
1947,59824,1945-05-01,65.0,79.0,May
1948,59825,1945-05-02,65.0,80.0,May
1949,59826,1945-05-03,63.0,80.0,May
1950,59827,1945-05-04,63.0,80.0,May
1951,59828,1945-05-05,65.0,81.0,May
1952,59829,1945-05-06,68.0,80.0,May
1953,59830,1945-05-07,66.0,82.0,May
1954,59831,1945-05-08,65.0,82.0,May
1955,59832,1945-05-09,65.0,83.0,May
1956,59833,1945-05-10,63.0,83.0,May
1957,59834,1945-05-11,61.0,83.0,May
1958,59835,1945-05-12,64.0,84.0,May
1959,59836,1945-05-13,65.0,83.0,May
1960,59837,1945-05-14,66.0,81.0,May
1961,59838,1945-05-15,66.0,82.0,May
1962,59839,1945-05-16,67.0,83.0,May
1963,59840,1945-05-17,67.0,83.0,May
1964,59841,1945-05-18,67.0,83.0,May
1965,59842,1945-05-19,68.0,84.0,May
1966,59843,1945-05-20,68.0,82.0,May
1967,59844,1945-05-21,68.0,83.0,May
1968,59845,1945-05-22,64.0,84.0,May
1969,59846,1945-05-23,63.0,83.0,May
1970,59847,1945-05-24,62.0,81.0,May
1971,59848,1945-05-25,61.0,82.0,May
1972,59849,1945-05-26,64.0,82.0,May
1973,59850,1945-05-27,65.0,82.0,May
1974,59851,1945-05-28,64.0,82.0,May
1975,59852,1945-05-29,64.0,79.0,May
1976,59853,1945-05-30,64.0,82.0,May
1977,59854,1945-05-31,63.0,84.0,May
1978,59855,1945-06-01,65.0,84.0,June
1979,59856,1945-06-02,68.0,82.0,June
1980,59857,1945-06-03,69.0,82.0,June
1981,59858,1945-06-04,68.0,84.0,June
1982,59859,1945-06-05,69.0,82.0,June
1983,59860,1945-06-06,70.0,83.0,June
1984,59861,1945-06-07,69.0,82.0,June
1985,59862,1945-06-08,69.0,81.0,June
1986,59863,1945-06-09,68.0,82.0,June
1987,59864,1945-06-10,67.0,83.0,June
1988,59865,1945-06-11,68.0,83.0,June
1989,59866,1945-06-12,69.0,83.0,June
1990,59867,1945-06-13,66.0,85.0,June
1991,59868,1945-06-14,66.0,82.0,June
1992,59869,1945-06-15,67.0,85.0,June
1993,59870,1945-06-16,66.0,86.0,June
1994,59871,1945-06-17,67.0,83.0,June
1995,59872,1945-06-18,67.0,83.0,June
1996,59873,1945-06-19,67.0,82.0,June
1997,59874,1945-06-20,65.0,80.0,June
1998,59875,1945-06-21,68.0,82.0,June
1999,59876,1945-06-22,69.0,78.0,June
2000,59877,1945-06-23,67.0,82.0,June
2001,59878,1945-06-24,69.0,82.0,June
2002,59879,1945-06-25,69.0,82.0,June
2003,59880,1945-06-26,67.0,77.0,June
2004,59881,1945-06-27,67.0,82.0,June
2005,59882,1945-06-28,67.0,83.0,June
2006,59883,1945-06-29,66.0,83.0,June
2007,59884,1945-06-30,65.0,83.0,June
2008,59885,1945-07-01,65.0,82.0,July
2009,59886,1945-07-02,66.0,85.0,July
2010,59887,1945-07-03,67.0,85.0,July
2011,59888,1945-07-04,64.0,86.0,July
2012,59889,1945-07-05,64.0,82.0,July
2013,59890,1945-07-06,65.0,80.0,July
2014,59891,1945-07-07,67.0,81.0,July
2015,59892,1945-07-08,64.0,82.0,July
2016,59893,1945-07-09,68.0,85.0,July
2017,59894,1945-07-10,70.0,82.0,July
2018,59895,1945-07-11,70.0,83.0,July
2019,59896,1945-07-12,72.0,84.0,July
2020,59897,1945-07-13,67.0,83.0,July
2021,59898,1945-07-14,66.0,82.0,July
2022,59899,1945-07-15,70.0,84.0,July
2023,59900,1945-07-16,70.0,83.0,July
2024,59901,1945-07-17,71.0,81.0,July
2025,59902,1945-07-18,69.0,82.0,July
2026,59903,1945-07-19,66.0,83.0,July
2027,59904,1945-07-20,69.0,82.0,July
2028,59905,1945-07-21,66.0,81.0,July
2029,59906,1945-07-22,66.0,82.0,July
2030,59907,1945-07-23,68.0,82.0,July
2031,59908,1945-07-24,68.0,83.0,July
2032,59909,1945-07-25,67.0,84.0,July
2033,59910,1945-07-26,66.0,84.0,July
2034,59911,1945-07-27,70.0,82.0,July
2035,59912,1945-07-28,69.0,82.0,July
2036,59913,1945-07-29,70.0,82.0,July
2037,59914,1945-07-30,68.0,79.0,July
2038,59915,1945-07-31,70.0,82.0,July
2039,59916,1945-08-01,70.0,81.0,August
2040,59917,1945-08-02,69.0,82.0,August
2041,59918,1945-08-03,68.0,81.0,August
2042,59919,1945-08-04,67.0,80.0,August
2043,59920,1945-08-05,68.0,79.0,August
2044,59921,1945-08-06,70.0,81.0,August
2045,59922,1945-08-07,70.0,80.0,August
2046,59923,1945-08-08,68.0,82.0,August
2047,59924,1945-08-09,67.0,82.0,August
2048,59925,1945-08-10,66.0,80.0,August
2049,59926,1945-08-11,67.0,82.0,August
2050,59927,1945-08-12,67.0,82.0,August
2051,59928,1945-08-13,68.0,84.0,August
2052,59929,1945-08-14,69.0,83.0,August
2053,59930,1945-08-15,70.0,80.0,August
2054,59931,1945-08-16,70.0,80.0,August
2055,59932,1945-08-17,70.0,80.0,August
2056,59933,1945-08-18,69.0,81.0,August
2057,59934,1945-08-19,69.0,80.0,August
2058,59935,1945-08-20,68.0,80.0,August
2059,59936,1945-08-21,68.0,82.0,August
2060,59937,1945-08-22,67.0,81.0,August
2061,59938,1945-08-23,67.0,83.0,August
2062,59939,1945-08-24,68.0,79.0,August
2063,59940,1945-08-25,69.0,82.0,August
2064,59941,1945-08-26,70.0,83.0,August
2065,59942,1945-08-27,69.0,82.0,August
2066,59943,1945-08-28,70.0,85.0,August
2067,59944,1945-08-29,69.0,81.0,August
2068,59945,1945-08-30,69.0,82.0,August
2069,59946,1945-08-31,68.0,79.0,August
2070,59947,1945-09-01,66.0,81.0,September
2071,59948,1945-09-02,70.0,81.0,September
2072,59949,1945-09-03,67.0,80.0,September
2073,59950,1945-09-04,68.0,81.0,September
2074,59951,1945-09-05,69.0,81.0,September
2075,59952,1945-09-06,68.0,81.0,September
2076,59953,1945-09-07,68.0,82.0,September
2077,59954,1945-09-08,68.0,85.0,September
2078,59955,1945-09-09,70.0,83.0,September
2079,59956,1945-09-10,69.0,83.0,September
2080,59957,1945-09-11,69.0,82.0,September
2081,59958,1945-09-12,66.0,83.0,September
2082,59959,1945-09-13,67.0,80.0,September
2083,59960,1945-09-14,68.0,81.0,September
2084,59961,1945-09-15,71.0,82.0,September
2085,59962,1945-09-16,70.0,83.0,September
2086,59963,1945-09-17,67.0,80.0,September
2087,59964,1945-09-18,68.0,82.0,September
2088,59965,1945-09-19,64.0,84.0,September
2089,59966,1945-09-20,64.0,85.0,September
2090,59967,1945-09-21,66.0,84.0,September
2091,59968,1945-09-22,65.0,84.0,September
2092,59969,1945-09-23,65.0,84.0,September
2093,59970,1945-09-24,63.0,83.0,September
2094,59971,1945-09-25,63.0,83.0,September
2095,59972,1945-09-26,65.0,85.0,September
2096,59973,1945-09-27,64.0,84.0,September
2097,59974,1945-09-28,66.0,83.0,September
2098,59975,1945-09-29,65.0,84.0,September
2099,59976,1945-09-30,65.0,83.0,September
2100,59977,1945-10-01,64.0,84.0,October
2101,59978,1945-10-02,67.0,83.0,October
2102,59979,1945-10-03,68.0,83.0,October
2103,59980,1945-10-04,65.0,84.0,October
2104,59981,1945-10-05,66.0,82.0,October
2105,59982,1945-10-06,66.0,85.0,October
2106,59983,1945-10-07,65.0,85.0,October
2107,59984,1945-10-08,66.0,84.0,October
2108,59985,1945-10-09,67.0,84.0,October
2109,59986,1945-10-10,64.0,85.0,October
2110,59987,1945-10-11,63.0,83.0,October
2111,59988,1945-10-12,64.0,84.0,October
2112,59989,1945-10-13,61.0,83.0,October
2113,59990,1945-10-14,65.0,83.0,October
2114,59991,1945-10-15,67.0,82.0,October
2115,59992,1945-10-16,69.0,82.0,October
2116,59993,1945-10-17,68.0,83.0,October
2117,59994,1945-10-18,69.0,80.0,October
2118,59995,1945-10-19,69.0,81.0,October
2119,59996,1945-10-20,67.0,82.0,October
2120,59997,1945-10-21,68.0,83.0,October
2121,59998,1945-10-22,67.0,81.0,October
2122,59999,1945-10-23,62.0,84.0,October
2123,60000,1945-10-24,67.0,85.0,October
2124,60001,1945-10-25,71.0,84.0,October
2125,60002,1945-10-26,70.0,82.0,October
2126,60003,1945-10-27,66.0,79.0,October
2127,60004,1945-10-28,68.0,79.0,October
2128,60005,1945-10-29,66.0,79.0,October
2129,60006,1945-10-30,66.0,79.0,October
2130,60007,1945-10-31,68.0,81.0,October
2131,60008,1945-11-01,61.0,82.0,November
2132,60009,1945-11-02,65.0,84.0,November
2133,60010,1945-11-03,66.0,85.0,November
2134,60011,1945-11-04,65.0,82.0,November
2135,60012,1945-11-05,68.0,81.0,November
2136,60013,1945-11-06,66.0,77.0,November
2137,60014,1945-11-07,67.0,76.0,November
2138,60015,1945-11-08,67.0,79.0,November
2139,60016,1945-11-09,64.0,79.0,November
2140,60017,1945-11-10,65.0,75.0,November
2141,60018,1945-11-11,64.0,80.0,November
2142,60019,1945-11-12,63.0,85.0,November
2143,60020,1945-11-13,64.0,83.0,November
2144,60021,1945-11-14,66.0,79.0,November
2145,60022,1945-11-15,67.0,74.0,November
2146,60023,1945-11-16,68.0,82.0,November
2147,60024,1945-11-17,67.0,82.0,November
2148,60025,1945-11-18,65.0,85.0,November
2149,60026,1945-11-19,68.0,78.0,November
2150,60027,1945-11-20,68.0,83.0,November
2151,60028,1945-11-21,69.0,80.0,November
2152,60029,1945-11-22,68.0,76.0,November
2153,60030,1945-11-23,67.0,79.0,November
2154,60031,1945-11-24,63.0,79.0,November
2155,60032,1945-11-25,61.0,83.0,November
2156,60033,1945-11-26,63.0,82.0,November
2157,60034,1945-11-27,62.0,80.0,November
2158,60035,1945-11-28,65.0,78.0,November
2159,60036,1945-11-29,61.0,82.0,November
2160,60037,1945-11-30,61.0,84.0,November
2161,60038,1945-12-01,60.0,80.0,December
2162,60039,1945-12-02,66.0,74.0,December
2163,60040,1945-12-03,64.0,75.0,December
2164,60041,1945-12-04,67.0,78.0,December
2165,60042,1945-12-05,65.0,78.0,December
2166,60043,1945-12-06,68.0,72.0,December
2167,60044,1945-12-07,69.0,79.0,December
2168,60045,1945-12-08,68.0,78.0,December
2169,60046,1945-12-09,66.0,74.0,December
2170,60047,1945-12-10,65.0,79.0,December
2171,60048,1945-12-11,65.0,78.0,December
2172,60049,1945-12-12,65.0,76.0,December
2173,60050,1945-12-13,63.0,76.0,December
2174,60051,1945-12-14,59.0,77.0,December
2175,60052,1945-12-15,58.0,73.0,December
2176,60053,1945-12-16,55.0,74.0,December
2177,60054,1945-12-17,58.0,75.0,December
2178,60055,1945-12-18,58.0,78.0,December
2179,60056,1945-12-19,58.0,77.0,December
2180,60057,1945-12-20,62.0,76.0,December
2181,60058,1945-12-21,57.0,78.0,December
2182,60059,1945-12-22,58.0,79.0,December
2183,60060,1945-12-23,63.0,77.0,December
2184,60061,1945-12-24,62.0,79.0,December
2185,60062,1945-12-25,58.0,78.0,December
2186,60063,1945-12-26,57.0,79.0,December
2187,60064,1945-12-27,58.0,80.0,December
2188,60065,1945-12-28,59.0,81.0,December
2189,60066,1945-12-29,58.0,77.0,December
2190,60067,1945-12-30,62.0,78.0,December
2191,60068,1945-12-31,61.0,81.0,December
